capacity,eightd_has_key_dispenser,electric_bike_surcharge_waiver,external_id,has_kiosk,lat,legacy_id,lon,name,region_id,short_name,station_id,station_type
19,false,false,e823318f-8406-4230-8072-1667f5de78d4,true,38.953691,681,-77.359717,Reston Town Center Metro North,104,32243,e823318f-8406-4230-8072-1667f5de78d4,classic
12,false,false,e976c0ab-bc21-42b3-a2c2-b90def6f54f4,true,38.966848,677,-77.329282,Becontree Ln & Goldenrain Ct,104,32239,e976c0ab-bc21-42b3-a2c2-b90def6f54f4,classic
12,false,false,13c42471-96ab-441d-9a4c-bc57f7af6f9b,true,38.944013,685,-77.353552,Golf Course Sq and Golf Course Dr,104,32246,13c42471-96ab-441d-9a4c-bc57f7af6f9b,classic
11,false,false,3c6a1bf0-3aac-4406-990d-966cc8edca52,true,38.944707,541,-77.335425,Campus Commons,104,32228,3c6a1bf0-3aac-4406-990d-966cc8edca52,classic
12,false,false,8aa43882-2e93-41fb-b55d-a6a15b5b446b,true,38.966344,675,-77.359341,Baron Cameron Ave & North Hampton Ave,104,32237,8aa43882-2e93-41fb-b55d-a6a15b5b446b,classic
15,false,false,082469cc-1f3f-11e7-bf6b-3863bb334450,true,38.858971,1,-77.05323,Eads St & 15th St S,41,31000,1,classic
17,false,false,08246c35-1f3f-11e7-bf6b-3863bb334450,true,38.856425,3,-77.049232,Crystal Dr & 20th St S,41,31002,3,classic
16,false,false,08246cd5-1f3f-11e7-bf6b-3863bb334450,true,38.861056,4,-77.049417,Crystal Dr & 15th St S,41,31003,4,classic
12,false,false,08246d68-1f3f-11e7-bf6b-3863bb334450,true,38.857866,5,-77.05949,Aurora Hills Cmty Ctr / 18th St & S Hayes St,41,31004,5,classic
19,false,false,08246df5-1f3f-11e7-bf6b-3863bb334450,true,38.862303,6,-77.059936,Pentagon City Metro / 12th St & S Hayes St,41,31005,6,classic
16,false,false,08246e8c-1f3f-11e7-bf6b-3863bb334450,true,38.86331354301248,7,-77.06341624259947,Pentagon Row Plaza / Army Navy Dr & Joyce St,41,31006,7,classic
19,false,false,08246f1f-1f3f-11e7-bf6b-3863bb334450,true,38.85778509815245,8,-77.05169767141342,Crystal City Metro / 18th St & S Bell St,41,31007,8,classic
12,false,false,08247052-1f3f-11e7-bf6b-3863bb334450,true,38.848466,10,-77.051514,Crystal Dr & 27th St S,41,31009,10,classic
11,false,false,08247269-1f3f-11e7-bf6b-3863bb334450,true,38.8426,11,-77.0502,S Glebe Rd & Potomac Ave,41,31010,11,classic
17,false,false,08247310-1f3f-11e7-bf6b-3863bb334450,true,38.852929,12,-77.049723,Crystal Dr & 23rd St S,41,31011,12,classic
12,false,false,0824739d-1f3f-11e7-bf6b-3863bb334450,true,38.850688,13,-77.05152,Clark St & 26th St S,41,31012,13,classic
15,false,false,0824741d-1f3f-11e7-bf6b-3863bb334450,true,38.9003,14,-77.0429,19th St & Pennsylvania Ave NW,42,31100,14,classic
31,false,false,0824749f-1f3f-11e7-bf6b-3863bb334450,true,38.9177645,15,-77.032096,14th & V St NW,42,31101,15,classic
39,false,false,08247522-1f3f-11e7-bf6b-3863bb334450,true,38.929464,16,-77.027822,11th & Kenyon St NW,42,31102,16,classic
19,false,false,08247632-1f3f-11e7-bf6b-3863bb334450,true,38.9228491613136,18,-77.04252451658249,Adams Mill & Columbia Rd NW,42,31104,18,classic
19,false,false,082476ba-1f3f-11e7-bf6b-3863bb334450,true,38.9268,19,-77.0322,14th & Harvard St NW,42,31105,19,classic
23,false,false,0824773f-1f3f-11e7-bf6b-3863bb334450,true,38.923203,20,-77.047637,Calvert & Biltmore St NW,42,31106,20,classic
19,false,false,082477f4-1f3f-11e7-bf6b-3863bb334450,true,38.9319,21,-77.0388,Lamont & Mt Pleasant NW,42,31107,21,classic
23,false,false,08247896-1f3f-11e7-bf6b-3863bb334450,true,38.876697,22,-77.0178975,4th & M St SW,42,31108,22,classic
19,false,false,0824791a-1f3f-11e7-bf6b-3863bb334450,true,38.90980062655191,23,-77.03442692756653,15th & P St NW,42,31201,23,classic
19,false,false,0824799f-1f3f-11e7-bf6b-3863bb334450,true,38.913046,24,-77.032008,14th & R St NW,42,31202,24,classic
23,false,false,08247a21-1f3f-11e7-bf6b-3863bb334450,true,38.9086,25,-77.0323,14th & Rhode Island Ave NW,42,31203,25,classic
15,false,false,08247aa4-1f3f-11e7-bf6b-3863bb334450,true,38.8963,26,-77.045,20th & E St NW,42,31204,26,classic
35,false,false,08247b29-1f3f-11e7-bf6b-3863bb334450,true,38.90071062547463,27,-77.04644858837128,21st & I St NW,42,31205,27,classic
19,false,false,08247baa-1f3f-11e7-bf6b-3863bb334450,true,38.9366839345886,28,-77.02418088912964,Georgia & New Hampshire Ave NW,42,31400,28,classic
19,false,false,08247c29-1f3f-11e7-bf6b-3863bb334450,true,38.9375,29,-77.0328,14th St & Spring Rd NW,42,31401,29,classic
11,false,false,08247cac-1f3f-11e7-bf6b-3863bb334450,true,38.9346,30,-76.9955,John McCormack Dr & Michigan Ave NE,42,31502,30,classic
19,false,false,08247d46-1f3f-11e7-bf6b-3863bb334450,true,38.90304,31,-77.019027,5th & K St NW,42,31600,31,classic
15,false,false,08247dd0-1f3f-11e7-bf6b-3863bb334450,true,38.8896,32,-76.9769,19th & East Capitol St SE,42,31601,32,classic
35,false,false,08247e59-1f3f-11e7-bf6b-3863bb334450,true,38.9308,33,-77.0315,Park Rd & Holmead Pl NW,42,31602,33,classic
19,false,false,08247ed8-1f3f-11e7-bf6b-3863bb334450,true,38.861663,34,-76.969184,Good Hope & Naylor Rd SE,42,31700,34,classic
11,false,false,08247f59-1f3f-11e7-bf6b-3863bb334450,true,38.93362634918731,35,-77.0575301349163,Connecticut Ave & Macomb St NW / Cleveland Park,42,31305,35,classic
11,false,false,08247fe1-1f3f-11e7-bf6b-3863bb334450,true,38.878,36,-76.9607,Randle Circle & Minnesota Ave SE,42,31702,36,classic
15,false,false,0824806c-1f3f-11e7-bf6b-3863bb334450,true,38.897063,37,-76.947446,Minnesota Ave Metro/DOES,42,31703,37,classic
11,false,false,082480f1-1f3f-11e7-bf6b-3863bb334450,true,38.901385,38,-76.941877,Nannie Helen Burroughs & Minnesota Ave NE,42,31704,38,classic
19,false,false,08248172-1f3f-11e7-bf6b-3863bb334450,true,38.862669,39,-76.994637,Anacostia Metro,42,31801,39,classic
11,false,false,0824821f-1f3f-11e7-bf6b-3863bb334450,true,38.867373,40,-76.988039,Good Hope Rd & MLK Ave SE,42,31802,40,classic
11,false,false,082482b3-1f3f-11e7-bf6b-3863bb334450,true,38.8952,41,-77.0436,19th & E Street NW,42,31206,41,classic
15,false,false,0824833c-1f3f-11e7-bf6b-3863bb334450,true,38.919077,42,-77.000648,4th & W St NE,42,31500,42,classic
15,false,false,082483c2-1f3f-11e7-bf6b-3863bb334450,true,38.9172,43,-77.0259,10th & U St NW,42,31111,43,classic
15,false,false,0824844b-1f3f-11e7-bf6b-3863bb334450,true,38.924784585266956,44,-77.02232748270035,Georgia Ave & Fairmont St NW,42,31207,44,classic
39,false,false,082484cf-1f3f-11e7-bf6b-3863bb334450,true,38.875022735559995,45,-77.00575411319733,1st & N St SE,42,31209,45,classic
15,false,false,0824854e-1f3f-11e7-bf6b-3863bb334450,true,38.9154,46,-77.0446,20th St & Florida Ave NW,42,31110,46,classic
15,false,false,082485e8-1f3f-11e7-bf6b-3863bb334450,true,38.9156929,47,-77.021703,7th & T St NW,42,31109,47,classic
15,false,false,0824866e-1f3f-11e7-bf6b-3863bb334450,true,38.85438051517749,48,-77.05341160297394,Eads St & 22nd St S,41,31013,48,classic
17,false,false,082486f0-1f3f-11e7-bf6b-3863bb334450,true,38.8763,49,-77.0037,M St & New Jersey Ave SE,42,31208,49,classic
45,false,false,0824920a-1f3f-11e7-bf6b-3863bb334450,true,38.9101,51,-77.0444,Massachusetts Ave & Dupont Circle NW,42,31200,51,classic
15,false,false,0824927c-1f3f-11e7-bf6b-3863bb334450,true,38.905697,52,-77.005483,1st & M St NE,42,31603,52,classic
19,false,false,082492e1-1f3f-11e7-bf6b-3863bb334450,true,38.90571079190728,53,-77.0473176240921,New Hampshire Ave & Ward Pl NW,42,31212,53,classic
23,false,false,08249345-1f3f-11e7-bf6b-3863bb334450,true,38.90276,54,-77.03863,17th & K St NW,42,31213,54,classic
15,false,false,082493a5-1f3f-11e7-bf6b-3863bb334450,true,38.899408,55,-77.015289,3rd & H St NW,42,31604,55,classic
11,false,false,08249407-1f3f-11e7-bf6b-3863bb334450,true,38.8851,56,-77.0023,3rd & D St SE,42,31605,56,classic
15,false,false,08249480-1f3f-11e7-bf6b-3863bb334450,true,38.8803,57,-76.9862,Potomac & Pennsylvania Ave SE,42,31606,57,classic
15,false,false,082494e7-1f3f-11e7-bf6b-3863bb334450,true,38.88291548476762,58,-76.98790669441223,13th & E St SE,42,31607,58,classic
19,false,false,08249549-1f3f-11e7-bf6b-3863bb334450,true,38.9121,59,-77.0387,17th & Corcoran St NW,42,31214,59,classic
15,false,false,082495aa-1f3f-11e7-bf6b-3863bb334450,true,38.944551,60,-77.063896,Van Ness Metro / UDC,42,31300,60,classic
15,false,false,0824960b-1f3f-11e7-bf6b-3863bb334450,true,38.9126,61,-77.0135,Florida Ave & R St NW,42,31503,61,classic
11,false,false,08249671-1f3f-11e7-bf6b-3863bb334450,true,38.8792,62,-76.9953,8th & Eye St SE / Barracks Row,42,31608,62,classic
15,false,false,082496d9-1f3f-11e7-bf6b-3863bb334450,true,38.938736,63,-77.087171,Ward Circle / American University,42,31301,63,classic
19,false,false,0824973c-1f3f-11e7-bf6b-3863bb334450,true,38.934881,64,-77.072755,Wisconsin Ave & Newark St NW,42,31302,64,classic
11,false,false,0824979f-1f3f-11e7-bf6b-3863bb334450,true,38.947774,65,-77.032818,14th St Heights / 14th & Crittenden St NW,42,31402,65,classic
11,false,false,0824980b-1f3f-11e7-bf6b-3863bb334450,true,38.865784,66,-76.9784,Anacostia Library,42,31804,66,classic
11,false,false,082498ac-1f3f-11e7-bf6b-3863bb334450,true,38.873057,67,-76.971015,Pennsylvania & Minnesota Ave SE,42,31805,67,classic
15,false,false,08249a1c-1f3f-11e7-bf6b-3863bb334450,true,38.886952,68,-76.996806,Eastern Market / 7th & North Carolina Ave SE,42,31610,68,classic
23,false,false,08249aa2-1f3f-11e7-bf6b-3863bb334450,true,38.899632,69,-77.031686,14th St & New York Ave NW,42,31216,69,classic
11,false,false,08249b10-1f3f-11e7-bf6b-3863bb334450,true,38.894,70,-76.947974,Benning Branch Library,42,31705,70,classic
39,false,false,08249b7f-1f3f-11e7-bf6b-3863bb334450,true,38.88627694506511,71,-77.02824175357819,USDA / 12th & C St SW,42,31217,71,classic
19,false,false,08249be7-1f3f-11e7-bf6b-3863bb334450,true,38.902314,72,-77.0591415,Georgetown Harbor / 30th St NW,42,31215,72,classic
11,false,false,08249c5a-1f3f-11e7-bf6b-3863bb334450,true,38.933668,73,-76.991016,12th & Newton St NE,42,31501,73,classic
15,false,false,08249cd3-1f3f-11e7-bf6b-3863bb334450,true,38.894919,74,-77.046587,US Dept of State / Virginia Ave & 21st St NW,42,31220,74,classic
15,false,false,08249d44-1f3f-11e7-bf6b-3863bb334450,true,38.886266,75,-77.022241,L'Enfant Plaza / 7th & C St SW,42,31218,75,classic
31,false,false,08249dad-1f3f-11e7-bf6b-3863bb334450,true,38.893028,76,-77.026013,10th St & Constitution Ave NW,42,31219,76,classic
19,false,false,08249e19-1f3f-11e7-bf6b-3863bb334450,true,38.897293,77,-77.05557,Kennedy Center,42,31211,77,classic
19,false,false,08249e81-1f3f-11e7-bf6b-3863bb334450,true,38.88409514578027,78,-76.99523448944092,Eastern Market Metro / Pennsylvania Ave & 8th St SE,42,31613,78,classic
27,false,false,08249ef2-1f3f-11e7-bf6b-3863bb334450,true,38.90506687455313,79,-77.04177886247635,18th & M St NW,42,31221,79,classic
15,false,false,08249f58-1f3f-11e7-bf6b-3863bb334450,true,38.947607,80,-77.079382,Tenleytown / Wisconsin Ave & Albemarle St NW,42,31303,80,classic
27,false,false,08249fbc-1f3f-11e7-bf6b-3863bb334450,true,38.90042673988099,81,-76.98825001716614,13th & H St NE,42,31611,81,classic
31,false,false,0824a28b-1f3f-11e7-bf6b-3863bb334450,true,38.897222,82,-77.019347,5th & F St NW,42,31620,82,classic
19,false,false,0824a43b-1f3f-11e7-bf6b-3863bb334450,true,38.89903234416315,83,-77.03335404396057,New York Ave & 15th St NW,42,31222,83,classic
23,false,false,0824a4ce-1f3f-11e7-bf6b-3863bb334450,true,38.905737,84,-77.02227,Convention Center / 7th & M St NW,42,31223,84,classic
15,false,false,0824a53f-1f3f-11e7-bf6b-3863bb334450,true,38.927872,85,-77.043358,Harvard St & Adams Mill Rd NW,42,31112,85,classic
19,false,false,0824a5b0-1f3f-11e7-bf6b-3863bb334450,true,38.903741450919384,86,-77.04245209693909,18th & L St NW,42,31224,86,classic
23,false,false,0824a623-1f3f-11e7-bf6b-3863bb334450,true,38.90375,87,-77.06269,C & O Canal & Wisconsin Ave NW,42,31225,87,classic
19,false,false,0824a68f-1f3f-11e7-bf6b-3863bb334450,true,38.878693599396954,88,-77.02305436134338,Maine Ave & 7th St SW,42,31609,88,classic
23,false,false,0824a703-1f3f-11e7-bf6b-3863bb334450,true,38.89484064247075,89,-76.99591577053069,D St & Maryland Ave NE,42,31612,89,classic
11,false,false,0824a988-1f3f-11e7-bf6b-3863bb334450,true,38.916442,90,-77.0682,34th St & Wisconsin Ave NW,42,31226,90,classic
23,false,false,0824aa39-1f3f-11e7-bf6b-3863bb334450,true,38.900283,91,-77.029822,13th St & New York Ave NW,42,31227,91,classic
33,false,false,0824b9cc-1f3f-11e7-bf6b-3863bb334450,true,38.8997,92,-77.023086,8th & H St NW,42,31228,92,classic
19,false,false,0824bb59-1f3f-11e7-bf6b-3863bb334450,true,38.932456900063606,93,-76.99353396892548,10th & Monroe St NE,42,31504,93,classic
23,false,false,0824bc00-1f3f-11e7-bf6b-3863bb334450,true,38.910972,94,-77.00495,Eckington Pl & Q St NE,42,31505,94,classic
23,false,false,0824bc70-1f3f-11e7-bf6b-3863bb334450,true,38.899972,95,-76.998347,6th & H St NE,42,31615,95,classic
19,false,false,0824bce1-1f3f-11e7-bf6b-3863bb334450,true,38.900412,96,-77.001949,3rd & H St NE,42,31616,96,classic
15,false,false,0824c0d5-1f3f-11e7-bf6b-3863bb334450,true,38.900413,97,-76.982872,Bladensburg Rd & Benning Rd NE,42,31617,97,classic
11,false,false,0824c1a1-1f3f-11e7-bf6b-3863bb334450,true,38.889955,98,-77.000349,4th & East Capitol St NE,42,31618,98,classic
25,false,false,0824c229-1f3f-11e7-bf6b-3863bb334450,true,38.890461,99,-76.988355,Lincoln Park / 13th & East Capitol St NE ,42,31619,99,classic
11,false,false,0824c29d-1f3f-11e7-bf6b-3863bb334450,true,38.8692,100,-76.9599,Branch & Pennsylvania Ave SE,42,31701,100,classic
31,false,false,0824c309-1f3f-11e7-bf6b-3863bb334450,true,38.894832,101,-76.987633,13th & D St NE,42,31622,101,classic
23,false,false,0824c376-1f3f-11e7-bf6b-3863bb334450,true,38.915544,102,-77.038252,New Hampshire Ave & T St NW,42,31229,102,classic
39,false,false,0824c604-1f3f-11e7-bf6b-3863bb334450,true,38.89832574246664,103,-77.02795878052711,Metro Center / 12th & G St NW,42,31230,103,classic
25,false,false,0824c69b-1f3f-11e7-bf6b-3863bb334450,true,38.894514,104,-77.031617,14th & D St NW / Ronald Reagan Building,42,31231,104,classic
27,false,false,0824c772-1f3f-11e7-bf6b-3863bb334450,true,38.89728304853854,105,-77.02219069004059,7th & F St NW / National Portrait Gallery,42,31232,105,classic
35,false,false,0824c80d-1f3f-11e7-bf6b-3863bb334450,true,38.902061,106,-77.038322,17th & K St NW / Farragut Square,42,31233,106,classic
19,false,false,0824c8d2-1f3f-11e7-bf6b-3863bb334450,true,38.908905,107,-77.04478,20th & O St NW / Dupont South,42,31234,107,classic
15,false,false,0824cb9b-1f3f-11e7-bf6b-3863bb334450,true,38.895344,108,-77.016106,4th & D St NW / Judiciary Square,42,31621,108,classic
35,false,false,0824cd3d-1f3f-11e7-bf6b-3863bb334450,true,38.89221235271478,109,-77.04307436943054,19th St & Constitution Ave NW,42,31235,109,classic
23,false,false,0824cdb0-1f3f-11e7-bf6b-3863bb334450,true,38.90774,110,-77.071652,37th & O St NW / Georgetown University,42,31236,110,classic
15,false,false,0824cfe7-1f3f-11e7-bf6b-3863bb334450,true,38.903827,112,-77.053485,25th St & Pennsylvania Ave NW,42,31237,112,classic
55,false,false,0824d0c6-1f3f-11e7-bf6b-3863bb334450,true,38.89696,113,-77.00493,Columbus Circle / Union Station,42,31623,113,classic
23,false,false,0824d140-1f3f-11e7-bf6b-3863bb334450,true,38.897446,114,-77.009888,North Capitol St & F St NW,42,31624,114,classic
23,false,false,0824de05-1f3f-11e7-bf6b-3863bb334450,true,38.9055785,115,-77.027313,11th & M St NW,42,31266,115,classic
15,false,false,0824e189-1f3f-11e7-bf6b-3863bb334450,true,38.922581,116,-77.070334,36th & Calvert St NW / Glover Park,42,31304,116,classic
23,false,false,0824e24c-1f3f-11e7-bf6b-3863bb334450,true,38.89816396413188,117,-77.03189760446548,14th & G St NW,42,31238,117,classic
15,false,false,0824e2e3-1f3f-11e7-bf6b-3863bb334450,true,38.844015,118,-77.050537,Potomac Ave & 35th St S,41,31052,118,classic
31,false,false,0824e68d-1f3f-11e7-bf6b-3863bb334450,true,38.88412,124,-77.04657,Ohio Dr & West Basin Dr SW / MLK & FDR Memorials,42,31240,124,classic
15,false,false,0824e72a-1f3f-11e7-bf6b-3863bb334450,true,38.897857,125,-77.026975,11th & F St NW,42,31262,125,classic
19,false,false,0824e7c1-1f3f-11e7-bf6b-3863bb334450,true,38.896104,126,-77.049882,23rd & E St NW ,42,31260,126,classic
15,false,false,0824ea2c-1f3f-11e7-bf6b-3863bb334450,true,38.897218,127,-77.072143,19th St N & Ft Myer Dr,41,31014,127,classic
19,false,false,0824eb1b-1f3f-11e7-bf6b-3863bb334450,true,38.8946,128,-77.072305,Wilson Blvd & Ft Myer Dr,41,31015,128,classic
15,false,false,0824eba7-1f3f-11e7-bf6b-3863bb334450,true,38.893438,129,-77.076389,Clarendon Blvd & Pierce St,41,31016,129,classic
15,false,false,0824ee0d-1f3f-11e7-bf6b-3863bb334450,true,38.891696,130,-77.0846,Wilson Blvd & N Uhle St,41,31017,130,classic
12,false,false,0824eea3-1f3f-11e7-bf6b-3863bb334450,true,38.892164,131,-77.079375,Rhodes St & 16th St N,41,31018,131,classic
15,false,false,0824f08b-1f3f-11e7-bf6b-3863bb334450,true,38.86559,132,-76.952103,Fairfax Village,42,31706,132,classic
15,false,false,0824f16b-1f3f-11e7-bf6b-3863bb334450,true,38.89388766381858,133,-77.04439267516136,Virginia Ave & C St NW,42,31261,133,classic
15,false,false,0824f3d6-1f3f-11e7-bf6b-3863bb334450,true,38.889396070923496,134,-77.09186241030693,Wilson Blvd & N Edgewood St,41,31019,134,classic
19,false,false,0824f461-1f3f-11e7-bf6b-3863bb334450,true,38.920669,135,-77.04368,Columbia Rd & Belmont St NW,42,31113,135,classic
23,false,false,0824f644-1f3f-11e7-bf6b-3863bb334450,true,38.905995699991145,136,-77.03980207443237,Rhode Island & Connecticut Ave NW,42,31239,136,classic
33,false,false,0824f8a2-1f3f-11e7-bf6b-3863bb334450,true,38.9059,137,-77.0325,Thomas Circle,42,31241,137,classic
12,false,false,0824fb6c-1f3f-11e7-bf6b-3863bb334450,true,38.8904,138,-77.0889,Wilson Blvd & N Franklin Rd,41,31020,138,classic
15,false,false,0824fd71-1f3f-11e7-bf6b-3863bb334450,true,38.8881,139,-77.09308,Clarendon Blvd & N Fillmore St,41,31021,139,classic
21,false,false,0824ff6e-1f3f-11e7-bf6b-3863bb334450,true,38.88701007722296,140,-77.09525674581528,Clarendon Metro / Wilson Blvd & N Highland St,41,31022,140,classic
27,false,false,08250172-1f3f-11e7-bf6b-3863bb334450,true,38.89968,141,-77.041539,18th St & Pennsylvania Ave NW,42,31242,141,classic
39,false,false,08250371-1f3f-11e7-bf6b-3863bb334450,true,38.88637194054526,142,-77.01770067214966,4th & C St SW,42,31243,142,classic
19,false,false,082513a4-1f3f-11e7-bf6b-3863bb334450,true,38.88412,143,-77.017445,4th & E St SW,42,31244,143,classic
19,false,false,08251448-1f3f-11e7-bf6b-3863bb334450,true,38.881185,144,-77.001828,3rd & G St SE,42,31625,144,classic
15,false,false,082514b8-1f3f-11e7-bf6b-3863bb334450,true,38.912719,145,-77.022155,7th & R St NW / Shaw Library,42,31245,145,classic
15,false,false,08251532-1f3f-11e7-bf6b-3863bb334450,true,38.9418,146,-77.0251,9th & Upshur St NW,42,31404,146,classic
15,false,false,082515d4-1f3f-11e7-bf6b-3863bb334450,true,38.915417,147,-77.012289,1st & Rhode Island Ave NW,42,31506,147,classic
27,false,false,0825164b-1f3f-11e7-bf6b-3863bb334450,true,38.92812111132096,148,-77.0237946510315,Columbia Rd & Georgia Ave NW,42,31115,148,classic
19,false,false,082516c1-1f3f-11e7-bf6b-3863bb334450,true,38.917761,149,-77.04062,California St & Florida Ave NW,42,31116,149,classic
19,false,false,0825176c-1f3f-11e7-bf6b-3863bb334450,true,38.889935,150,-76.93723,Benning Rd & East Capitol St NE / Benning Rd Metro,42,31707,150,classic
15,false,false,0825180e-1f3f-11e7-bf6b-3863bb334450,true,38.930282,151,-77.055599,3000 Connecticut Ave NW / National Zoo,42,31307,151,classic
15,false,false,082518eb-1f3f-11e7-bf6b-3863bb334450,true,38.896544,152,-76.96012,Anacostia Ave & Benning Rd NE / River Terrace ,42,31708,152,classic
19,false,false,08251984-1f3f-11e7-bf6b-3863bb334450,true,38.905126,153,-77.056887,M St & Pennsylvania Ave NW,42,31246,153,classic
15,false,false,08251a1b-1f3f-11e7-bf6b-3863bb334450,true,38.88732,154,-76.983569,15th St & Massachusetts Ave SE,42,31626,154,classic
15,false,false,08251aba-1f3f-11e7-bf6b-3863bb334450,true,38.844711,155,-76.987823,Congress Heights Metro,42,31806,155,classic
12,false,false,08251bba-1f3f-11e7-bf6b-3863bb334450,true,38.876393,156,-77.107735,N Quincy St & Glebe Rd,41,31035,156,classic
11,false,false,08251c45-1f3f-11e7-bf6b-3863bb334450,true,38.85033657788445,157,-77.1009886264801,Barcroft Community Center,41,31033,157,classic
16,false,false,08251cd1-1f3f-11e7-bf6b-3863bb334450,true,38.896923,158,-77.086502,N Veitch St & 20th St N,41,31029,158,classic
23,false,false,08251d5a-1f3f-11e7-bf6b-3863bb334450,true,38.9024,159,-77.02622,10th & K St NW,42,31263,159,classic
12,false,false,08251ded-1f3f-11e7-bf6b-3863bb334450,true,38.885801,160,-77.097745,Fairfax Dr & Wilson Blvd,41,31023,160,classic
17,false,false,08251e7d-1f3f-11e7-bf6b-3863bb334450,true,38.893993,161,-77.07857,Wilson Blvd & N Quinn St,41,31027,161,classic
23,false,false,08251f03-1f3f-11e7-bf6b-3863bb334450,true,38.878854378063295,162,-77.00572729110718,1st & I St SE,42,31628,162,classic
19,false,false,08251f93-1f3f-11e7-bf6b-3863bb334450,true,38.922649,163,-77.077271,39th & Calvert St NW / Stoddert,42,31306,163,classic
15,false,false,0825201c-1f3f-11e7-bf6b-3863bb334450,true,38.928743,164,-77.012457,1st & Washington Hospital Center NW,42,31507,164,classic
19,false,false,082520aa-1f3f-11e7-bf6b-3863bb334450,true,38.882788,165,-77.103148,Virginia Square Metro / Monroe St & 9th St N,41,31024,165,classic
12,false,false,0825213e-1f3f-11e7-bf6b-3863bb334450,true,38.88397,166,-77.10783,Central Library / Quincy St & 10th St N,41,31025,166,classic
15,false,false,082521d3-1f3f-11e7-bf6b-3863bb334450,true,38.884734,167,-77.093485,Washington Blvd & 10th St N,41,31026,167,classic
23,false,false,08252260-1f3f-11e7-bf6b-3863bb334450,true,38.8885525,168,-77.032427,Jefferson Dr & 14th St SW,42,31247,168,classic
35,false,false,082522f0-1f3f-11e7-bf6b-3863bb334450,true,38.888774,169,-77.028694,Smithsonian-National Mall / Jefferson Dr & 12th St SW,42,31248,169,classic
15,false,false,08252387-1f3f-11e7-bf6b-3863bb334450,true,38.87887,170,-77.1207,George Mason Dr & Wilson Blvd,41,31036,170,classic
19,false,false,08252414-1f3f-11e7-bf6b-3863bb334450,true,38.894573,171,-77.01994,6th St & Indiana Ave NW,42,31264,171,classic
12,false,false,082524a2-1f3f-11e7-bf6b-3863bb334450,true,38.893237,172,-77.086063,N Veitch St & Key Blvd,41,31028,172,classic
15,false,false,08252530-1f3f-11e7-bf6b-3863bb334450,true,38.89593,173,-77.089006,Langston Blvd & N Adams St,41,31030,173,classic
15,false,false,082525bb-1f3f-11e7-bf6b-3863bb334450,true,38.89054,174,-77.08095,15th St & N Scott St,41,31031,174,classic
12,false,false,08252645-1f3f-11e7-bf6b-3863bb334450,true,38.88081,175,-77.090792,Washington Blvd & 7th St N,41,31032,175,classic
23,false,false,082526d1-1f3f-11e7-bf6b-3863bb334450,true,38.881044,176,-77.111768,Ballston Metro / Stuart St & 9th St N,41,31037,176,classic
15,false,false,0825275b-1f3f-11e7-bf6b-3863bb334450,true,38.882629,177,-77.109366,Fairfax Dr & N Randolph St,41,31034,177,classic
23,false,false,082527e7-1f3f-11e7-bf6b-3863bb334450,true,38.879819,178,-77.037413,Jefferson Memorial,42,31249,178,classic
15,false,false,08252874-1f3f-11e7-bf6b-3863bb334450,true,38.866611,179,-76.985238,Good Hope Rd & 14th St SE,42,31803,179,classic
12,false,false,082528fb-1f3f-11e7-bf6b-3863bb334450,true,38.883921,180,-77.116817,Glebe Rd & 11th St N,41,31038,180,classic
15,false,false,08252a00-1f3f-11e7-bf6b-3863bb334450,true,38.880012,181,-77.107854,Wilson Blvd & N Quincy St,41,31039,181,classic
11,false,false,08252a92-1f3f-11e7-bf6b-3863bb334450,true,38.884702715757356,182,-77.10030198097229,GMU/Fairfax Dr & Kenmore St,41,31040,182,classic
19,false,false,08252b28-1f3f-11e7-bf6b-3863bb334450,true,38.90509,183,-76.9941,Gallaudet / 8th St & Florida Ave NE,42,31508,183,classic
19,false,false,08252c4a-1f3f-11e7-bf6b-3863bb334450,true,38.903584,185,-77.044789,20th & L St NW,42,31250,185,classic
19,false,false,082537e4-1f3f-11e7-bf6b-3863bb334450,true,38.903819,186,-77.0284,12th & L St NW,42,31251,186,classic
19,false,false,0825388d-1f3f-11e7-bf6b-3863bb334450,true,38.901539,187,-77.046564,21st St & Pennsylvania Ave NW,42,31252,187,classic
23,false,false,08253908-1f3f-11e7-bf6b-3863bb334450,true,38.902204,188,-77.04337,19th & K St NW,42,31253,188,classic
19,false,false,08253976-1f3f-11e7-bf6b-3863bb334450,true,38.803124,189,-77.040363,Prince St & Union St,40,31041,189,classic
15,false,false,082539e0-1f3f-11e7-bf6b-3863bb334450,true,38.804718,190,-77.043363,Market Square / King St & Royal St,40,31042,190,classic
15,false,false,08253a4b-1f3f-11e7-bf6b-3863bb334450,true,38.81074147938705,191,-77.0446327328682,St Asaph & Pendleton St,40,31043,191,classic
15,false,false,08253ab7-1f3f-11e7-bf6b-3863bb334450,true,38.805317,192,-77.049883,King St & Patrick St,40,31044,192,classic
27,false,false,08253b2b-1f3f-11e7-bf6b-3863bb334450,true,38.902,193,-77.03353,15th & K St NW,42,31254,193,classic
15,false,false,08253b95-1f3f-11e7-bf6b-3863bb334450,true,38.805648,194,-77.05293,Commerce St & Fayette St,40,31045,194,classic
17,false,false,08253c00-1f3f-11e7-bf6b-3863bb334450,true,38.811456,195,-77.050276,Henry St & Pendleton St,40,31046,195,classic
29,false,false,08253c6b-1f3f-11e7-bf6b-3863bb334450,true,38.814577,196,-77.052808,Braddock Rd Metro North,40,31047,196,classic
23,false,false,08253cdb-1f3f-11e7-bf6b-3863bb334450,true,38.80576284873485,197,-77.060626745224,King St Metro South,40,31048,197,classic
15,false,false,08253e02-1f3f-11e7-bf6b-3863bb334450,true,38.9066,198,-77.05152,24th & N St NW,42,31255,198,classic
15,false,false,08253e7e-1f3f-11e7-bf6b-3863bb334450,true,38.895914,199,-77.026064,10th & E St NW,42,31256,199,classic
15,false,false,08254037-1f3f-11e7-bf6b-3863bb334450,true,38.90088,200,-77.048911,22nd & I St NW / Foggy Bottom,42,31257,200,classic
12,false,false,08254123-1f3f-11e7-bf6b-3863bb334450,true,38.884961,202,-77.08777,Barton St & 10th St N,41,31050,202,classic
11,false,false,08254215-1f3f-11e7-bf6b-3863bb334450,true,38.889365,203,-77.077294,Arlington Blvd & N Queen St,41,31051,203,classic
25,false,false,08254284-1f3f-11e7-bf6b-3863bb334450,true,38.888255,204,-77.0494365,Lincoln Memorial,42,31258,204,classic
15,false,false,082543d4-1f3f-11e7-bf6b-3863bb334450,true,38.894722,206,-77.045128,20th St & Virginia Ave NW,42,31259,206,classic
19,false,false,08254442-1f3f-11e7-bf6b-3863bb334450,true,38.90093,207,-77.018677,5th St & Massachusetts Ave NW,42,31265,207,classic
15,false,false,082544b7-1f3f-11e7-bf6b-3863bb334450,true,38.943837,208,-77.077078,39th & Veazey St NW,42,31308,208,classic
15,false,false,08254529-1f3f-11e7-bf6b-3863bb334450,true,38.954812,209,-77.082426,Fessenden St & Wisconsin Ave NW,42,31309,209,classic
23,false,false,0825459a-1f3f-11e7-bf6b-3863bb334450,true,38.905469714943266,210,-77.0021304488182,3rd & M St NE,42,31627,210,classic
15,false,false,0825460b-1f3f-11e7-bf6b-3863bb334450,true,38.863833,211,-77.080319,Columbia Pike & S Courthouse Rd,41,31053,211,classic
12,false,false,0825467b-1f3f-11e7-bf6b-3863bb334450,true,38.847129045742605,212,-77.1125502884388,Wakefield High School,41,31054,212,classic
15,false,false,082546fc-1f3f-11e7-bf6b-3863bb334450,true,38.846222,213,-77.069275,28th St & S Meade St,41,31055,213,classic
23,false,false,08254770-1f3f-11e7-bf6b-3863bb334450,true,38.918809,214,-77.041571,18th St & Wyoming Ave NW,42,31114,214,classic
15,false,false,082547de-1f3f-11e7-bf6b-3863bb334450,true,38.956555547721955,215,-77.0198142528534,5th & Kennedy St NW,42,31403,215,classic
19,false,false,082548ce-1f3f-11e7-bf6b-3863bb334450,true,38.949662,216,-77.027333,Georgia Ave & Emerson St NW,42,31405,216,classic
19,false,false,08254943-1f3f-11e7-bf6b-3863bb334450,true,38.942475355602845,217,-77.03267812728882,14th & Upshur St NW,42,31406,217,classic
19,false,false,082549b0-1f3f-11e7-bf6b-3863bb334450,true,38.956432,218,-77.032947,14th St & Colorado Ave NW,42,31407,218,classic
12,false,false,08254a1e-1f3f-11e7-bf6b-3863bb334450,true,38.847977,219,-77.075104,S Troy St & 26th St S,41,31056,219,classic
12,false,false,08254a91-1f3f-11e7-bf6b-3863bb334450,true,38.8444,220,-77.085931,S Four Mile Run Dr & Shirlington Rd,41,31057,220,classic
12,false,false,08254c82-1f3f-11e7-bf6b-3863bb334450,true,38.860343910937175,221,-77.09367156028748,Columbia Pike & Monroe St,41,31058,221,classic
12,false,false,08254d7e-1f3f-11e7-bf6b-3863bb334450,true,38.84736,222,-77.095431,S Four Mile Run Dr & Walter Reed Dr,41,31059,222,classic
15,false,false,08254dee-1f3f-11e7-bf6b-3863bb334450,true,38.84232,223,-77.089555,S Arlington Mill Dr & Campbell Ave,41,31060,223,classic
12,false,false,08254e55-1f3f-11e7-bf6b-3863bb334450,true,38.848454,224,-77.084918,S Kenmore St & 24th St S,41,31061,224,classic
15,false,false,08254ebb-1f3f-11e7-bf6b-3863bb334450,true,38.987,225,-77.029417,13th St & Eastern Ave,44,32006,225,classic
19,false,false,08254f20-1f3f-11e7-bf6b-3863bb334450,true,38.90849,226,-77.063586,Wisconsin Ave & O St NW,42,31312,226,classic
17,false,false,08254f8e-1f3f-11e7-bf6b-3863bb334450,true,38.896553,227,-77.06714,Roosevelt Island,41,31062,227,classic
23,false,false,08254ffb-1f3f-11e7-bf6b-3863bb334450,true,38.955016,228,-77.069956,Connecticut & Nebraska Ave NW,42,31310,228,classic
19,false,false,08255063-1f3f-11e7-bf6b-3863bb334450,true,38.908142,229,-77.038359,17th St & Massachusetts Ave NW,42,31267,229,classic
15,false,false,0825525a-1f3f-11e7-bf6b-3863bb334450,true,38.92333,230,-77.0352,15th & Euclid St NW,42,31117,230,classic
11,false,false,082553a7-1f3f-11e7-bf6b-3863bb334450,true,38.889988,231,-76.995193,8th & East Capitol St NE,42,31629,231,classic
15,false,false,08255427-1f3f-11e7-bf6b-3863bb334450,true,38.912659,232,-77.017669,New Jersey Ave & R St NW,42,31509,232,classic
11,false,false,0825548f-1f3f-11e7-bf6b-3863bb334450,true,38.889908,233,-76.983326,15th & East Capitol St NE,42,31630,233,classic
23,false,false,082554fb-1f3f-11e7-bf6b-3863bb334450,true,38.897274,234,-76.994749,8th & F St NE,42,31631,234,classic
15,false,false,08255561-1f3f-11e7-bf6b-3863bb334450,true,38.927095,235,-76.978924,18th St & Rhode Island Ave NE,42,31510,235,classic
19,false,false,0825610d-1f3f-11e7-bf6b-3863bb334450,true,38.897195,236,-76.983575,15th & F St NE,42,31632,236,classic
15,false,false,0825619c-1f3f-11e7-bf6b-3863bb334450,true,38.928644,237,-76.990955,12th & Irving St NE,42,31511,237,classic
11,false,false,082564e2-1f3f-11e7-bf6b-3863bb334450,true,38.84322988730829,239,-76.99937582015991,Alabama & MLK Ave SE,42,31800,239,classic
11,false,false,08256549-1f3f-11e7-bf6b-3863bb334450,true,38.863897,240,-76.990037,Pleasant St & MLK Ave SE,42,31807,240,classic
15,false,false,082565f9-1f3f-11e7-bf6b-3863bb334450,true,38.903732,241,-76.987211,Neal St & Trinidad Ave NE,42,31512,241,classic
31,false,false,08256670-1f3f-11e7-bf6b-3863bb334450,true,38.916787,242,-77.028139,12th & U St NW,42,31268,242,classic
11,false,false,082566d7-1f3f-11e7-bf6b-3863bb334450,true,38.852248,243,-77.105022,S George Mason Dr & S Four Mile Run Dr,41,31063,243,classic
17,false,false,08256742-1f3f-11e7-bf6b-3863bb334450,true,38.865029,244,-77.039511,Gravelly Point,41,31064,244,classic
11,false,false,0825697c-1f3f-11e7-bf6b-3863bb334450,true,38.880705,245,-77.08596,N Pershing Dr & N Wayne St,41,31065,245,classic
11,false,false,082569e6-1f3f-11e7-bf6b-3863bb334450,true,38.867262,246,-77.072315,Columbia Pike & S Orme St,41,31066,246,classic
15,false,false,08256a59-1f3f-11e7-bf6b-3863bb334450,true,38.887378,247,-77.001955,3rd St & Pennsylvania Ave SE,42,31269,247,classic
15,false,false,08256ac9-1f3f-11e7-bf6b-3863bb334450,true,38.894851,248,-77.02324,8th & D St NW,42,31270,248,classic
15,false,false,08256b2e-1f3f-11e7-bf6b-3863bb334450,true,38.917622,249,-77.01597,3rd & Elm St NW,42,31118,249,classic
19,false,false,08256b90-1f3f-11e7-bf6b-3863bb334450,true,38.918155,250,-77.004746,Rhode Island Ave & V St NE,42,31513,250,classic
27,false,false,08256d91-1f3f-11e7-bf6b-3863bb334450,true,38.892275,251,-77.013917,Constitution Ave & 2nd St NW/DOL,42,31271,251,classic
31,false,false,08256e11-1f3f-11e7-bf6b-3863bb334450,true,38.886978,252,-77.013769,Washington & Independence Ave SW/HHS,42,31272,252,classic
15,false,false,08256e7b-1f3f-11e7-bf6b-3863bb334450,true,38.887312,253,-77.025762,Independence Ave & L'Enfant Plaza SW/DOE,42,31633,253,classic
15,false,false,08256ee8-1f3f-11e7-bf6b-3863bb334450,true,38.927497,254,-76.997194,Hamlin & 7th St NE,42,31514,254,classic
12,false,false,08256fcd-1f3f-11e7-bf6b-3863bb334450,true,38.862478,255,-77.086599,Columbia Pike & S Walter Reed Dr,41,31067,255,classic
15,false,false,08257239-1f3f-11e7-bf6b-3863bb334450,true,38.856319,256,-77.11153,Arlington Mill Cmty Center / Columbia Pike & S Dinwiddie St,41,31068,256,classic
11,false,false,082572b6-1f3f-11e7-bf6b-3863bb334450,true,38.871822,257,-77.107906,N Pershing Dr & N George Mason Dr,41,31069,257,classic
15,false,false,08257325-1f3f-11e7-bf6b-3863bb334450,true,38.985404,258,-77.023082,Fenton St & New York Ave ,44,32001,258,classic
19,false,false,0825738d-1f3f-11e7-bf6b-3863bb334450,true,38.981103,259,-77.097426,Bethesda Ave & Arlington Rd,44,32002,259,classic
11,false,false,0825756e-1f3f-11e7-bf6b-3863bb334450,true,38.983838,260,-77.09221,Montgomery Ave & Waverly St ,44,32003,260,classic
19,false,false,0825762e-1f3f-11e7-bf6b-3863bb334450,true,39.096312,261,-77.192672,Fallsgrove Blvd & Fallsgrove Dr,43,32004,261,classic
19,false,false,08257f71-1f3f-11e7-bf6b-3863bb334450,true,39.093783,262,-77.202501,Traville Gateway Dr & Gudelsky Dr,43,32005,262,classic
11,false,false,0825802a-1f3f-11e7-bf6b-3863bb334450,true,38.988562,263,-77.096539,Norfolk Ave & Fairmont St,44,32000,263,classic
15,false,false,082582ff-1f3f-11e7-bf6b-3863bb334450,true,39.084125,264,-77.151291,E Montgomery Ave & Maryland Ave,43,32007,264,classic
11,false,false,08258395-1f3f-11e7-bf6b-3863bb334450,true,38.98954,265,-77.098029,Cordell & Norfolk Ave,44,32008,265,classic
9,false,false,08258475-1f3f-11e7-bf6b-3863bb334450,true,39.094772,266,-77.145213,Frederick Ave & Horners Ln,43,32009,266,classic
19,false,false,08258785-1f3f-11e7-bf6b-3863bb334450,true,38.983627,268,-77.006311,Maple & Ritchie Ave,44,32011,268,classic
19,false,false,0825881b-1f3f-11e7-bf6b-3863bb334450,true,38.995256441231696,269,-77.02912420034409,Silver Spring Metro / Colesville Rd & Wayne Ave,44,32012,269,classic
11,false,false,08258a6c-1f3f-11e7-bf6b-3863bb334450,true,38.983525,270,-77.095367,Montgomery & East Ln,44,32013,270,classic
19,false,false,08258b3f-1f3f-11e7-bf6b-3863bb334450,true,38.961763,271,-77.085998,Friendship Hts Metro / Wisconsin Ave & Wisconsin Cir,44,32014,271,classic
15,false,false,08258d95-1f3f-11e7-bf6b-3863bb334450,true,38.921074,272,-77.031887,14th & Belmont St NW,42,31119,272,classic
19,false,false,08258e2d-1f3f-11e7-bf6b-3863bb334450,true,38.87501,273,-77.0024,3rd & Tingey St SE,42,31634,273,classic
19,false,false,08259009-1f3f-11e7-bf6b-3863bb334450,true,38.920387,274,-77.025672,10th St & Florida Ave NW,42,31120,274,classic
15,false,false,08259091-1f3f-11e7-bf6b-3863bb334450,true,38.876737,275,-76.994468,Potomac Ave & 8th St SE,42,31635,275,classic
15,false,false,08259347-1f3f-11e7-bf6b-3863bb334450,true,39.099376,277,-77.188014,Fallsgrove Dr & W Montgomery Ave,43,32016,277,classic
15,false,false,082595a1-1f3f-11e7-bf6b-3863bb334450,true,39.083673,278,-77.149162,Monroe St & Monroe Pl,43,32017,278,classic
15,false,false,0825962a-1f3f-11e7-bf6b-3863bb334450,true,39.123513,279,-77.15741,Needwood Rd & Eagles Head Ct,43,32018,279,classic
15,false,false,08259804-1f3f-11e7-bf6b-3863bb334450,true,38.990249,280,-77.02935,East West Hwy & Blair Mill Rd,44,32019,280,classic
15,false,false,08259c89-1f3f-11e7-bf6b-3863bb334450,true,38.982456,282,-77.091991,47th & Elm St,44,32021,282,classic
15,false,false,08259e6f-1f3f-11e7-bf6b-3863bb334450,true,39.02538719623632,283,-77.04456299543381,Dennis Ave & Amherst Ave,44,32022,283,classic
21,false,false,0825aa94-1f3f-11e7-bf6b-3863bb334450,true,39.095661,284,-77.159048,Montgomery College / W Campus Dr & Mannakee St,43,32023,284,classic
11,false,false,0825ac97-1f3f-11e7-bf6b-3863bb334450,true,38.989724,285,-77.023854,Fenton St & Gist Ave,44,32024,285,classic
15,false,false,0825b10b-1f3f-11e7-bf6b-3863bb334450,true,38.975,286,-77.01121,Carroll & Westmoreland Ave,44,32025,286,classic
15,false,false,0825b1a2-1f3f-11e7-bf6b-3863bb334450,true,38.977933,287,-77.006472,Carroll & Ethan Allen Ave,44,32026,287,classic
15,false,false,0825b213-1f3f-11e7-bf6b-3863bb334450,true,38.992375,288,-77.100104,Battery Ln & Trolley Trail,44,32027,288,classic
11,false,false,0825b27e-1f3f-11e7-bf6b-3863bb334450,true,38.990639,289,-77.100239,Norfolk & Rugby Ave,44,32028,289,classic
11,false,false,0825b2e7-1f3f-11e7-bf6b-3863bb334450,true,38.977093,290,-77.094589,Offutt Ln & Chevy Chase Dr,44,32029,290,classic
15,false,false,0825b42a-1f3f-11e7-bf6b-3863bb334450,true,39.076331,293,-77.141378,Fleet St & Ritchie Pkwy,43,32032,293,classic
19,false,false,0825b4c9-1f3f-11e7-bf6b-3863bb334450,true,39.102212,294,-77.177091,Piccard & W Gude Dr,43,32033,294,classic
15,false,false,0825b553-1f3f-11e7-bf6b-3863bb334450,true,38.99403485060837,295,-77.03037142753601,Silver Spring Transit Center - Top Level,44,32034,295,classic
11,false,false,0825b614-1f3f-11e7-bf6b-3863bb334450,true,38.999388,296,-77.031555,Georgia Ave & Spring St,44,32035,296,classic
15,false,false,0825b6a9-1f3f-11e7-bf6b-3863bb334450,true,38.997033,297,-77.025608,Fenton St & Ellsworth Dr ,44,32036,297,classic
18,false,false,0825b738-1f3f-11e7-bf6b-3863bb334450,true,39.114688,298,-77.171487,King Farm Blvd & Pleasant Dr,43,32037,298,classic
15,false,false,0825b7cc-1f3f-11e7-bf6b-3863bb334450,true,39.110314,299,-77.182669,King Farm Blvd & Piccard Dr,43,32038,299,classic
19,false,false,0825b8f0-1f3f-11e7-bf6b-3863bb334450,true,38.923583,301,-77.050046,Calvert St & Woodley Pl NW,42,31121,301,classic
19,false,false,0825b983-1f3f-11e7-bf6b-3863bb334450,true,38.90733256111448,302,-77.01536044478416,New Jersey Ave & N St NW/Dunbar HS,42,31636,302,classic
11,false,false,0825ba12-1f3f-11e7-bf6b-3863bb334450,true,38.898536,303,-76.931862,Nannie Helen Burroughs Ave & 49th St NE,42,31710,303,classic
15,false,false,0825baa3-1f3f-11e7-bf6b-3863bb334450,true,38.908473,304,-76.933099,Deanwood Rec Center,42,31711,304,classic
17,false,false,0825bb32-1f3f-11e7-bf6b-3863bb334450,true,38.878433,305,-77.03023,Hains Point/Buckeye & Ohio Dr SW,42,31273,305,classic
11,false,false,0825bbc6-1f3f-11e7-bf6b-3863bb334450,true,38.873755,306,-77.089233,Arlington Blvd & Fillmore St,41,31070,306,classic
17,false,false,0825bc56-1f3f-11e7-bf6b-3863bb334450,true,38.86307336639078,307,-77.05454081296921,Eads St & 12th St S,41,31071,307,classic
19,false,false,0825bce9-1f3f-11e7-bf6b-3863bb334450,true,38.999634,308,-77.109647,Old Georgetown Rd & Southwick St,44,32039,308,classic
19,false,false,0825bd74-1f3f-11e7-bf6b-3863bb334450,true,38.96115,309,-77.088659,Friendship Blvd & Willard Ave,44,32040,309,classic
19,false,false,0825be05-1f3f-11e7-bf6b-3863bb334450,true,38.899703,310,-77.008911,North Capitol St & G Pl NE,42,31637,310,classic
11,false,false,0825be94-1f3f-11e7-bf6b-3863bb334450,true,38.8378458,311,-77.0934784,31st St & S Woodrow St,41,31072,311,classic
15,false,false,0825bf2b-1f3f-11e7-bf6b-3863bb334450,true,38.873219,312,-77.082104,Washington Blvd & Walter Reed Dr ,41,31073,312,classic
15,false,false,0825bfcd-1f3f-11e7-bf6b-3863bb334450,true,38.869418,313,-77.095596,TJ Cmty Ctr / 2nd St & S Old Glebe Rd,41,31074,313,classic
15,false,false,0825c063-1f3f-11e7-bf6b-3863bb334450,true,38.94113915653008,314,-77.061977237463,Connecticut Ave & Tilden St NW,42,31313,314,classic
15,false,false,0825df01-1f3f-11e7-bf6b-3863bb334450,true,39.103091,315,-77.196442,Medical Center Dr & Key West Ave,43,32041,315,classic
19,false,false,0825dffc-1f3f-11e7-bf6b-3863bb334450,true,39.097636,316,-77.196636,Shady Grove Hospital,43,32042,316,classic
11,false,false,0825e0a1-1f3f-11e7-bf6b-3863bb334450,true,38.997445,317,-77.023894,Veterans Pl & Pershing Dr ,44,32043,317,classic
13,false,false,0825e147-1f3f-11e7-bf6b-3863bb334450,true,39.085394,318,-77.145803,Rockville Metro East,43,32044,318,classic
15,false,false,0825e1e5-1f3f-11e7-bf6b-3863bb334450,true,38.900358,319,-77.012108,1st & H St NW,42,31638,319,classic
19,false,false,0825e27a-1f3f-11e7-bf6b-3863bb334450,true,38.952369,320,-77.002721,Fort Totten Metro,42,31515,320,classic
19,false,false,0825e31a-1f3f-11e7-bf6b-3863bb334450,true,38.975219,321,-77.016855,Takoma Metro,42,31408,321,classic
19,false,false,0825e3b0-1f3f-11e7-bf6b-3863bb334450,true,38.920682,322,-76.995876,Rhode Island Ave Metro,42,31516,322,classic
11,false,false,0825e443-1f3f-11e7-bf6b-3863bb334450,true,38.866471,323,-77.076131,Rolfe St & 9th St S,41,31075,323,classic
15,false,false,0825e4d5-1f3f-11e7-bf6b-3863bb334450,true,38.84065400672152,324,-77.08865851163864,S Randolph St & Campbell Ave,41,31076,324,classic
19,false,false,0825e56c-1f3f-11e7-bf6b-3863bb334450,true,39.119765,325,-77.166093,Shady Grove Metro West,43,32045,325,classic
19,false,false,0825e5ff-1f3f-11e7-bf6b-3863bb334450,true,38.964992,326,-77.103381,River Rd & Landy Ln,44,32046,326,classic
19,false,false,0825f1f7-1f3f-11e7-bf6b-3863bb334450,true,39.084379,327,-77.146866,Rockville Metro West,43,32047,327,classic
12,false,false,0825f2b1-1f3f-11e7-bf6b-3863bb334450,true,38.984691,328,-77.094537,Bethesda Metro / Wisconsin Ave & Old Georgetown Rd,44,32048,328,classic
19,false,false,0825f344-1f3f-11e7-bf6b-3863bb334450,true,38.88992,329,-77.071301,Iwo Jima Memorial / Meade & 14th St N,41,31077,329,classic
19,false,false,0825f3d4-1f3f-11e7-bf6b-3863bb334450,true,38.9037315,330,-77.0675285,34th & Water St NW,42,31314,330,classic
15,false,false,0825f465-1f3f-11e7-bf6b-3863bb334450,true,38.804378,331,-77.060866,Duke St & John Carlyle St,40,31081,331,classic
15,false,false,0825f4f2-1f3f-11e7-bf6b-3863bb334450,true,38.894941,332,-77.09169,Langston Blvd & N Cleveland St,41,31079,332,classic
15,false,false,0825f58d-1f3f-11e7-bf6b-3863bb334450,true,38.869442,333,-77.104503,Arlington Blvd & S George Mason Dr,41,31078,333,classic
23,false,false,0825f622-1f3f-11e7-bf6b-3863bb334450,true,38.89824328774852,334,-77.02623546123505,10th & G St NW,42,31274,334,classic
15,false,false,0825f6b3-1f3f-11e7-bf6b-3863bb334450,true,38.897612,335,-77.080851,Langston Blvd & N Scott St,41,31080,335,classic
19,false,false,0825f723-1f3f-11e7-bf6b-3863bb334450,true,38.901755,336,-77.051084,New Hampshire Ave & 24th St NW,42,31275,336,classic
15,false,false,0825f794-1f3f-11e7-bf6b-3863bb334450,true,38.801111,337,-77.068952,Eisenhower Ave & Mill Race Ln,40,31082,337,classic
11,false,false,0825f807-1f3f-11e7-bf6b-3863bb334450,true,38.82175,338,-77.047494,Potomac Greens Dr & Slaters Ln,40,31083,338,classic
19,false,false,0825f872-1f3f-11e7-bf6b-3863bb334450,true,38.802677,339,-77.063562,Ballenger Ave & Dulaney St,40,31084,339,classic
11,false,false,0825f8da-1f3f-11e7-bf6b-3863bb334450,true,38.820064,340,-77.057619,Mount Vernon Ave & E Nelson Ave,40,31085,340,classic
15,false,false,0825f946-1f3f-11e7-bf6b-3863bb334450,true,38.82595,341,-77.058541,Mount Vernon Ave & E Del Ray Ave,40,31086,341,classic
15,false,false,0825f9b6-1f3f-11e7-bf6b-3863bb334450,true,38.820932,342,-77.053096,Monroe Ave & Leslie Ave,40,31087,342,classic
15,false,false,0825fa22-1f3f-11e7-bf6b-3863bb334450,true,38.833077,343,-77.059821,Mount Vernon Ave & Kennedy St,40,31088,343,classic
21,false,false,0825fa8b-1f3f-11e7-bf6b-3863bb334450,true,38.890612,344,-77.084801,Court House Metro / 15th St & N Uhle St,41,31089,344,classic
15,false,false,0825faf6-1f3f-11e7-bf6b-3863bb334450,true,38.986743,345,-77.000035,WAU / Flower Ave & Division St,44,32049,345,classic
15,false,false,0825fb66-1f3f-11e7-bf6b-3863bb334450,true,38.865553,346,-77.05003,Long Bridge Park / Long Bridge Dr & 6th St S,41,31090,346,classic
19,false,false,0825fbd3-1f3f-11e7-bf6b-3863bb334450,true,38.96454350924588,347,-77.07513481378555,Connecticut Ave & McKinley St NW,42,31315,347,classic
23,false,false,0825fc3a-1f3f-11e7-bf6b-3863bb334450,true,38.903649,348,-77.034918,15th & L St NW,42,31276,348,classic
35,false,false,0825fca2-1f3f-11e7-bf6b-3863bb334450,true,38.898301,349,-77.039643,17th & G St NW,42,31277,349,classic
15,false,false,0825fd09-1f3f-11e7-bf6b-3863bb334450,true,38.997653,350,-77.034499,Spring St & 2nd Ave,44,32050,350,classic
19,false,false,0825fd75-1f3f-11e7-bf6b-3863bb334450,true,38.912648,351,-77.041834,18th & R St NW,42,31278,351,classic
15,false,false,0825fddc-1f3f-11e7-bf6b-3863bb334450,true,38.859254,352,-77.063275,Joyce St & 16th St S,41,31091,352,classic
23,false,false,0825fe4c-1f3f-11e7-bf6b-3863bb334450,true,38.907908,353,-76.99707,Union Market,42,31517,353,classic
15,false,false,0825feb6-1f3f-11e7-bf6b-3863bb334450,true,38.896456,354,-77.104562,Langston Blvd & N Monroe St,41,31092,354,classic
15,false,false,0825ff20-1f3f-11e7-bf6b-3863bb334450,true,38.898984,355,-77.078317,21st St & N Pierce St,41,31093,355,classic
15,false,false,0825ff8d-1f3f-11e7-bf6b-3863bb334450,true,38.895377,356,-77.09713,Langston Blvd & N Kirkwood Rd,41,31094,356,classic
23,false,false,0825fff6-1f3f-11e7-bf6b-3863bb334450,true,38.898412,357,-77.043182,19th & G St NW,42,31279,357,classic
19,false,false,0826005e-1f3f-11e7-bf6b-3863bb334450,true,38.914751108831155,358,-77.00356006622314,2nd St & Seaton Pl NE,42,31522,358,classic
15,false,false,082600d8-1f3f-11e7-bf6b-3863bb334450,true,38.876528,359,-77.12712,Wilson Blvd & N Illinois St ,41,31902,359,classic
11,false,false,0826029e-1f3f-11e7-bf6b-3863bb334450,true,38.86215024521491,364,-77.06812083721161,Army Navy Dr & S Nash St,41,31095,364,classic
19,false,false,0826030a-1f3f-11e7-bf6b-3863bb334450,true,38.902826,365,-77.060173,Thomas Jefferson St NW & Water/K St NW,42,31293,365,classic
23,false,false,082603fc-1f3f-11e7-bf6b-3863bb334450,true,38.913761,367,-77.027025,11th & S St NW,42,31280,367,classic
15,false,false,08260472-1f3f-11e7-bf6b-3863bb334450,true,38.86612,368,-77.08787,Walter Reed Dr & 8th St S,41,31096,368,classic
23,false,false,082604dd-1f3f-11e7-bf6b-3863bb334450,true,38.89967,369,-77.003666,2nd & G St NE,42,31639,369,classic
19,false,false,08260549-1f3f-11e7-bf6b-3863bb334450,true,38.90864,370,-77.02277,8th & O St NW,42,31281,370,classic
19,false,false,082605b0-1f3f-11e7-bf6b-3863bb334450,true,38.961339,371,-77.027855,Georgia & Missouri Ave NW,42,31411,371,classic
19,false,false,08261245-1f3f-11e7-bf6b-3863bb334450,true,38.894474,373,-76.974828,Oklahoma Ave & D St NE,42,31712,373,classic
19,false,false,082612c1-1f3f-11e7-bf6b-3863bb334450,true,38.8962260397813,374,-76.99278563261032,Maryland Ave & E St NE,42,31640,374,classic
23,false,false,0826132d-1f3f-11e7-bf6b-3863bb334450,true,38.915604,375,-76.983683,New York Ave & Hecht Ave NE,42,31518,375,classic
19,false,false,0826139b-1f3f-11e7-bf6b-3863bb334450,true,38.946182,376,-77.08059,Yuma St & Tenley Circle NW,42,31316,376,classic
15,false,false,08261407-1f3f-11e7-bf6b-3863bb334450,true,38.994113,377,-77.076986,Connecticut Ave & Chevy Chase Lake Dr,44,32051,377,classic
15,false,false,08261479-1f3f-11e7-bf6b-3863bb334450,true,39.105295,378,-77.194774,Key West Ave & Siesta Key Way,43,32052,378,classic
19,false,false,082614e4-1f3f-11e7-bf6b-3863bb334450,true,38.898301,379,-77.118009,Langston Blvd & N Woodstock St,41,31900,379,classic
15,false,false,0826154d-1f3f-11e7-bf6b-3863bb334450,true,38.812718,380,-77.044097,Saint Asaph St & Madison St,40,31097,380,classic
15,false,false,082615b7-1f3f-11e7-bf6b-3863bb334450,true,38.80704,381,-77.059817,King St Metro North / Cameron St,40,31098,381,classic
15,false,false,08261620-1f3f-11e7-bf6b-3863bb334450,true,38.813485,382,-77.049468,Madison St & N Henry St,40,31099,382,classic
19,false,false,0826168f-1f3f-11e7-bf6b-3863bb334450,true,38.999378,383,-77.097882,Medical Center Metro ,44,32053,383,classic
11,false,false,082616fc-1f3f-11e7-bf6b-3863bb334450,true,38.884829,384,-77.127671,Washington Blvd & N Frederick St,41,31901,384,classic
19,false,false,0826176a-1f3f-11e7-bf6b-3863bb334450,true,38.958267,385,-77.084636,Wisconsin Ave & Ingomar St NW,42,31317,385,classic
19,false,false,082617d2-1f3f-11e7-bf6b-3863bb334450,true,38.928893,386,-77.03625,16th & Irving St NW,42,31122,386,classic
19,false,false,0826183f-1f3f-11e7-bf6b-3863bb334450,true,38.912652,387,-77.036278,16th & R St NW,42,31282,387,classic
15,false,false,082618a7-1f3f-11e7-bf6b-3863bb334450,true,38.999679,388,-77.051168,Lyttonsville Rd & Lyttonsville Pl,44,32054,388,classic
11,false,false,0826190f-1f3f-11e7-bf6b-3863bb334450,true,38.979875,389,-77.093522,Woodmont Ave & Strathmore St,44,32055,389,classic
19,false,false,08261977-1f3f-11e7-bf6b-3863bb334450,true,38.903658,390,-77.031737,14th & L St NW,42,31283,390,classic
15,false,false,082619e1-1f3f-11e7-bf6b-3863bb334450,true,38.908643,391,-77.012365,1st & O St NW,42,31519,391,classic
19,false,false,08261a52-1f3f-11e7-bf6b-3863bb334450,true,38.831516,392,-77.008133,South Capitol & Atlantic St SW,42,31811,392,classic
19,false,false,08261aba-1f3f-11e7-bf6b-3863bb334450,true,38.893511,393,-77.041544,18th & C St NW,42,31284,393,classic
19,false,false,08261b21-1f3f-11e7-bf6b-3863bb334450,true,38.909394,394,-77.048728,22nd & P ST NW,42,31285,394,classic
19,false,false,08261b89-1f3f-11e7-bf6b-3863bb334450,true,38.995681,395,-77.038721,East West Hwy & 16th St,44,32056,395,classic
15,false,false,08261bf4-1f3f-11e7-bf6b-3863bb334450,true,38.799267,396,-77.0447,Royal St & Wilkes St,40,31903,396,classic
23,false,false,08261c65-1f3f-11e7-bf6b-3863bb334450,true,38.925284,397,-77.032375,14th & Girard St NW,42,31123,397,classic
19,false,false,08261ccf-1f3f-11e7-bf6b-3863bb334450,true,38.822738,398,-77.049265,Potomac Ave & Main Line Blvd,40,31910,398,classic
19,false,false,08261d35-1f3f-11e7-bf6b-3863bb334450,true,38.90843,399,-77.02714,11th & O St NW,42,31286,399,classic
23,false,false,08261d9d-1f3f-11e7-bf6b-3863bb334450,true,38.88432272414662,400,-77.02601015567778,10th St & L'Enfant Plaza SW,42,31287,400,classic
19,false,false,08261e06-1f3f-11e7-bf6b-3863bb334450,true,38.947156,401,-77.065115,Connecticut Ave & Yuma St NW,42,31318,401,classic
23,false,false,08261e7a-1f3f-11e7-bf6b-3863bb334450,true,38.894972,402,-77.003135,2nd St & Massachusetts Ave NE,42,31641,402,classic
23,false,false,08261ee4-1f3f-11e7-bf6b-3863bb334450,true,38.828437,403,-77.086031,Radford St & Osage St,40,31908,403,classic
19,false,false,08261f4b-1f3f-11e7-bf6b-3863bb334450,true,38.88532071975074,404,-77.15642720460892,East Falls Church Metro / Sycamore St & 19th St N,41,31904,404,classic
15,false,false,08261fb3-1f3f-11e7-bf6b-3863bb334450,true,38.880992,405,-77.135271,Kennebec St & 11th St N,41,31905,405,classic
15,false,false,08262027-1f3f-11e7-bf6b-3863bb334450,true,38.812711,406,-77.061715,Commonwealth Ave & Oak St,40,31906,406,classic
15,false,false,08262094-1f3f-11e7-bf6b-3863bb334450,true,38.82005823354218,407,-77.06282079219818,Commonwealth Ave & E Monroe Ave,40,31913,407,classic
31,false,false,082620fc-1f3f-11e7-bf6b-3863bb334450,true,38.8904955,408,-77.0172465,4th St & Madison Dr NW,42,31288,408,classic
19,false,false,0826233f-1f3f-11e7-bf6b-3863bb334450,true,38.890539,409,-77.049383,Henry Bacon Dr & Lincoln Memorial Circle NW,42,31289,409,classic
19,false,false,082623bf-1f3f-11e7-bf6b-3863bb334450,true,38.888097,410,-77.038325,17th St & Independence Ave SW,42,31290,410,classic
19,false,false,0826242b-1f3f-11e7-bf6b-3863bb334450,true,38.798133,411,-77.0487,Franklin St & S Washington St,40,31907,411,classic
15,false,false,08262494-1f3f-11e7-bf6b-3863bb334450,true,38.843422,412,-77.064016,Mount Vernon Ave & Four Mile Run Park,40,31909,412,classic
23,false,false,082624fc-1f3f-11e7-bf6b-3863bb334450,true,38.90257109172293,413,-77.01366662979126,New Jersey Ave & K St NW,42,31642,413,classic
15,false,false,0826256c-1f3f-11e7-bf6b-3863bb334450,true,38.841291,414,-77.063093,Mount Vernon Ave & Bruce St,40,31912,414,classic
15,false,false,082625d9-1f3f-11e7-bf6b-3863bb334450,true,38.797557,415,-77.053766,Lee Center,40,31914,415,classic
15,false,false,082630e2-1f3f-11e7-bf6b-3863bb334450,true,38.818748,416,-77.047783,Powhatan St & Bashford Ln,40,31915,416,classic
19,false,false,0826315d-1f3f-11e7-bf6b-3863bb334450,true,38.829545,417,-77.047844,Potomac Ave & Swann Ave,40,31916,417,classic
31,false,false,082631cd-1f3f-11e7-bf6b-3863bb334450,true,38.928552,418,-77.032224,14th & Irving St NW,42,31124,418,classic
25,false,false,08263241-1f3f-11e7-bf6b-3863bb334450,true,38.901136451737045,419,-77.03445106744766,Vermont Ave & I St NW,42,31291,419,classic
25,false,false,082632a8-1f3f-11e7-bf6b-3863bb334450,true,38.949813,420,-77.080217,Wisconsin Ave & Brandywine St NW,42,31319,420,classic
19,false,false,08263311-1f3f-11e7-bf6b-3863bb334450,true,38.91263,421,-76.971923,24th & R St NE / National Arboretum,42,31520,421,classic
15,false,false,0826337e-1f3f-11e7-bf6b-3863bb334450,true,38.897407,422,-76.925907,Division Ave & Foote St NE,42,31713,422,classic
23,false,false,082633ec-1f3f-11e7-bf6b-3863bb334450,true,38.870695,423,-76.982359,16th & Q St SE / Anacostia HS,42,31812,423,classic
15,false,false,0826345e-1f3f-11e7-bf6b-3863bb334450,true,38.929261,424,-77.240654,Spring Hill Metro,104,32200,424,classic
11,false,false,082634c6-1f3f-11e7-bf6b-3863bb334450,true,38.92403,425,-77.235955,Westpark Dr & Leesburg Pike,104,32201,425,classic
11,false,false,0826359a-1f3f-11e7-bf6b-3863bb334450,true,38.919475,427,-77.221179,Tysons One Pl & Chain Bridge Rd,104,32203,427,classic
11,false,false,08263601-1f3f-11e7-bf6b-3863bb334450,true,38.920939,428,-77.222115,Tysons Corner Station,104,32204,428,classic
11,false,false,0826366d-1f3f-11e7-bf6b-3863bb334450,true,38.924437,429,-77.217664,Westpark & Jones Branch Dr,104,32205,429,classic
13,false,false,082636d5-1f3f-11e7-bf6b-3863bb334450,true,38.931911,430,-77.219261,Jones Branch & Westbranch Dr,104,32206,430,classic
11,false,false,0826373c-1f3f-11e7-bf6b-3863bb334450,true,38.928919,431,-77.225394,Westpark & Park Run Dr,104,32207,431,classic
11,false,false,082637a5-1f3f-11e7-bf6b-3863bb334450,true,38.932636,432,-77.231825,Tysons West Transit Center,104,32208,432,classic
11,false,false,0826380c-1f3f-11e7-bf6b-3863bb334450,true,38.970046,433,-77.338686,North Shore & Cameron Crescent Dr/Crescent Apartments,104,32209,433,classic
15,false,false,08263885-1f3f-11e7-bf6b-3863bb334450,true,38.962524,434,-77.361902,Town Center Pkwy & Bowman Towne Dr,104,32210,434,classic
15,false,false,082638f2-1f3f-11e7-bf6b-3863bb334450,true,38.962095,435,-77.358815,Reston Regional Library,104,32211,435,classic
15,false,false,08263959-1f3f-11e7-bf6b-3863bb334450,true,38.960574,436,-77.356324,New Dominion Pkwy & Fountain Dr,104,32212,436,classic
15,false,false,082639c8-1f3f-11e7-bf6b-3863bb334450,true,38.955079,437,-77.351649,Sunset Hills & Old Reston Ave,104,32213,437,classic
17,false,false,08263a37-1f3f-11e7-bf6b-3863bb334450,true,38.957037,438,-77.359718,Reston Town Center Transit Station,104,32214,438,classic
19,false,false,08263aa1-1f3f-11e7-bf6b-3863bb334450,true,38.884916,439,-77.005965,1st & D St SE,42,31643,439,classic
19,false,false,08263b08-1f3f-11e7-bf6b-3863bb334450,true,38.946607921214984,440,-77.3393914103508,Wiehle-Reston Metro South,104,32215,440,classic
19,false,false,08263b6d-1f3f-11e7-bf6b-3863bb334450,true,38.959633,441,-77.358741,Library St & Freedom Dr,104,32216,441,classic
15,false,false,08263bd6-1f3f-11e7-bf6b-3863bb334450,true,38.95534,442,-77.357611,Sunset Hills Rd & Discovery Square,104,32217,442,classic
23,false,false,08263c43-1f3f-11e7-bf6b-3863bb334450,true,38.892441,443,-77.048947,22nd St & Constitution Ave NW,42,31292,443,classic
19,false,false,08263cab-1f3f-11e7-bf6b-3863bb334450,true,38.891805,444,-76.913563,61st St & Banks Pl NE,42,31714,444,classic
15,false,false,08263d19-1f3f-11e7-bf6b-3863bb334450,true,38.960084,445,-77.353414,Temporary Rd & Old Reston Ave,104,32218,445,classic
15,false,false,08263f4a-1f3f-11e7-bf6b-3863bb334450,true,38.955314,446,-77.368416,Reston YMCA,104,32219,446,classic
11,false,false,08263fbd-1f3f-11e7-bf6b-3863bb334450,true,38.951443,447,-77.340377,Sunset Hills Rd & Isaac Newton Square,104,32220,447,classic
15,false,false,0826402c-1f3f-11e7-bf6b-3863bb334450,true,38.89386,448,-77.070862,N Lynn St & Fairfax Dr,41,31917,448,classic
15,false,false,08264097-1f3f-11e7-bf6b-3863bb334450,true,38.967505,449,-77.027976,Georgia Ave & Piney Branch Rd NW,42,31414,449,classic
11,false,false,0826410b-1f3f-11e7-bf6b-3863bb334450,true,38.923083,450,-77.227417,Greensboro & International Dr,104,32221,450,classic
15,false,false,08264173-1f3f-11e7-bf6b-3863bb334450,true,38.812351,451,-77.040691,Madison St & Fairfax St,40,31918,451,classic
15,false,false,082641e3-1f3f-11e7-bf6b-3863bb334450,true,38.990874,452,-77.016311,Sligo Ave & Carroll Ln,44,32058,452,classic
19,false,false,08264250-1f3f-11e7-bf6b-3863bb334450,true,38.9190185,453,-77.034449,15th & W St NW,42,31125,453,classic
19,false,false,082642bd-1f3f-11e7-bf6b-3863bb334450,true,38.882489,454,-76.990121,12th St & Pennsylvania Ave SE,42,31644,454,classic
15,false,false,08264325-1f3f-11e7-bf6b-3863bb334450,true,38.957463,455,-77.002239,3rd St & Riggs Rd NE,42,31412,455,classic
15,false,false,08264392-1f3f-11e7-bf6b-3863bb334450,true,38.876695,456,-77.112982,Carlin Springs Rd & N Thomas St,41,31919,456,classic
11,false,false,0826444d-1f3f-11e7-bf6b-3863bb334450,true,38.915246,457,-77.220157,Towers Crescent Dr & Tysons One Pl,104,32222,457,classic
19,false,false,082644bc-1f3f-11e7-bf6b-3863bb334450,true,38.90293157359119,458,-76.99840486049652,6th & K St NE,42,31645,458,classic
15,false,false,08264525-1f3f-11e7-bf6b-3863bb334450,true,39.014716,459,-77.107143,Pooks Hill Rd & Linden Ave,44,32057,459,classic
15,false,false,0826502d-1f3f-11e7-bf6b-3863bb334450,true,38.98265,460,-76.988311,Takoma Park Rec Center,44,32059,460,classic
15,false,false,082650b1-1f3f-11e7-bf6b-3863bb334450,true,38.988101,461,-76.988422,New Hampshire & Kirklynn Ave,44,32061,461,classic
19,false,false,08265124-1f3f-11e7-bf6b-3863bb334450,true,39.038423828518326,462,-77.05102041363716,Wheaton Metro / Georgia Ave & Reedie Dr,44,32062,462,classic
15,false,false,0826518d-1f3f-11e7-bf6b-3863bb334450,true,39.044887,463,-77.047788,Amherst Ave & Elkins St,44,32063,463,classic
15,false,false,082651f8-1f3f-11e7-bf6b-3863bb334450,true,39.035965,464,-77.048395,Amherst Ave & Prichard Rd,44,32064,464,classic
15,false,false,08265262-1f3f-11e7-bf6b-3863bb334450,true,39.043272,465,-77.053085,Grandview & Blueridge Ave,44,32065,465,classic
15,false,false,082652d2-1f3f-11e7-bf6b-3863bb334450,true,39.032029,466,-77.04735,Windham Ln & Amherst Ave,44,32066,466,classic
11,false,false,0826533b-1f3f-11e7-bf6b-3863bb334450,true,38.970412,467,-77.340787,North Shore Dr & Village Rd,104,32223,467,classic
11,false,false,082653a6-1f3f-11e7-bf6b-3863bb334450,true,38.955170598044894,468,-77.3630940914154,Town Center Pkwy & Sunset Hills Rd,104,32224,468,classic
19,false,false,0826540e-1f3f-11e7-bf6b-3863bb334450,true,38.969903,469,-77.016574,3rd & Underwood St NW,42,31413,469,classic
19,false,false,0826547e-1f3f-11e7-bf6b-3863bb334450,true,38.93293,470,-76.979517,18th & Monroe St NE,42,31521,470,classic
19,false,false,082654f4-1f3f-11e7-bf6b-3863bb334450,true,38.88345,471,-77.021741,7th & E St SW,42,31294,471,classic
19,false,false,08265563-1f3f-11e7-bf6b-3863bb334450,true,39.121327,472,-77.164969,Shady Grove Metro East,43,32067,472,classic
19,false,false,082655cc-1f3f-11e7-bf6b-3863bb334450,true,38.905509,473,-77.065246,Potomac & M St NW,42,31295,473,classic
23,false,false,08265638-1f3f-11e7-bf6b-3863bb334450,true,38.924088,474,-77.040787,Columbia & Ontario Rd NW,42,31296,474,classic
15,false,false,32a59636-02e5-4c53-a437-020986923dca,true,38.888282,475,-77.111066,Washington-Liberty High School / N Stafford St & Generals Way,41,31920,475,classic
15,false,false,ce3db0b4-8c4f-4c6c-a059-73fff08c1edf,true,38.886048,476,-77.142317,Westover Library / Washington Blvd & N McKinley Rd,41,31921,476,classic
15,false,false,7a00f0f5-f757-4715-9e89-58253ac36de0,true,38.859305619982344,477,-77.10201859474182,Columbia Pike & S George Mason Dr,41,31923,477,classic
11,false,false,9029233f-84db-4f28-895d-8ecf727fb6d2,true,39.12582811177034,478,-77.16705948114395,Columbus Ave & Tribeca St,43,32068,478,classic
11,false,false,de5bd592-0f48-4c6a-b7fc-8ff687c6e1a5,true,39.12333,479,-77.16486,Columbus Ave & Gramercy Blvd,43,32069,479,classic
15,false,false,686c82c2-23fe-4c15-9c75-708f61de98c7,true,38.964207741006206,480,-77.35428035259247,Reston Pkwy & Spectrum Dr,104,32225,480,classic
11,false,false,1b55b8fa-73d6-4076-98e5-9f177d22958e,true,39.105642,481,-77.20386,Key West Ave & Great Seneca Hwy,43,32070,481,classic
19,false,false,bce02846-6f5e-466a-a643-50534a119533,true,38.89846038350939,482,-77.05305218696594,Virginia Ave & 25th St NW,42,31297,482,classic
19,false,false,7fcbf92d-a257-4973-828b-181d5602eee5,true,38.905424,483,-77.034674,15th & M St NW,42,31298,483,classic
19,false,false,cd1394fa-9d06-4665-bd1c-d7580d97a550,true,38.925636,484,-77.027112,11th & Girard St NW,42,31126,484,classic
19,false,false,a2507ccc-aca1-48b2-a6a3-a3144ad92d21,true,38.912644,485,-77.04564,Connecticut Ave & R St NW,42,31299,485,classic
15,false,false,d39e9b29-0ba7-453f-9f1e-b0a856d448b7,true,38.892556,486,-77.082089,Wilson Blvd & N Troy St,41,31924,486,classic
19,false,false,ad6ec1ce-db22-47c1-acf3-507897d40725,true,38.936298,487,-77.087128,American University East Campus,42,31320,487,classic
19,false,false,99e66f13-6f03-4872-9f34-bcd92fe519fd,true,38.892244,488,-77.033234,15th St & Constitution Ave NW,42,31321,488,classic
19,false,false,5b745524-d0d3-4197-8c69-0ad4e5761883,true,38.905303,490,-77.050264,23rd & M St NW,42,31128,490,classic
15,false,false,58c07d78-f78e-4215-8548-7b0f37bafc73,true,39.106971,491,-77.192645,Corporate Blvd & Omega Dr,43,32071,491,classic
11,false,false,fe1f5f98-892e-4c51-b842-3d32c9f0b4ab,true,39.106152,492,-77.202354,Key West Ave & Diamondback Dr,43,32072,492,classic
19,false,false,a6076d62-317a-40be-80a3-5654a042c20a,true,38.84627,493,-76.98185,Alabama Ave & Stanton Rd SE / Shops at Park Village,42,31813,493,classic
19,false,false,72b359a7-f70e-4b97-aaf6-2b26f09f19b1,true,38.84377,494,-76.97557,Mississippi Ave & 19th St SE / THEARC,42,31814,494,classic
11,false,false,d61b3881-e324-4c6d-aa92-849716c70b04,true,38.84623,495,-76.97703,19th & Savannah St SE,42,31815,495,classic
19,false,false,8083cb0d-c3a4-417e-b46e-afe6cf1a7e67,true,38.836,496,-77.0009,4th St & Mississippi Ave SE,42,31816,496,classic
19,false,false,c778c501-ba47-479b-b652-831432ffd74f,true,38.824481,497,-77.005497,1st & S Capitol St SE / Oxon Run Trail,42,31817,497,classic
15,false,false,d72b1790-0fea-4af8-9d2a-fd4d4db24d1a,true,38.82373,498,-77.00223,Livingston Rd & 3rd St SE,42,31818,498,classic
19,false,false,7c46ff05-4fca-44e6-a50b-acbc57e8100b,true,38.81909,499,-77.01033,Joliet St & MLK Ave SW/Bald Eagle Rec Ctr,42,31819,499,classic
15,false,false,ee2cb739-9118-4069-b4f7-435ef53db537,true,38.883011,500,-76.949709,37th & Ely Pl SE,42,31715,500,classic
19,false,false,3d461075-4edb-497f-89d7-b7beb7595b20,true,38.89646474748647,501,-77.0333808660507,15th St & Pennsylvania Ave NW,42,31129,501,classic
15,false,false,f33b7c9d-11ff-4059-94e4-4a1206acd7a6,true,38.88044,505,-77.025236,Maine Ave & 9th St SW,42,31646,505,classic
19,false,false,6d5ad96d-a704-4fa6-8b65-3ac643c5aa93,true,38.915,506,-77.0078,Lincoln Rd & Seaton Pl NE/Harry Thomas Rec Center,42,31523,506,classic
15,false,false,ce78d5f4-486a-4a64-8518-5a10bfd7ef94,true,39.04313,507,-77.05006,Blueridge Ave & Elkin St,44,32073,507,classic
19,false,false,568a84a6-8911-48aa-8ad4-9a1b46564e9d,true,38.95674,508,-77.02791,Georgia Ave & Kennedy St NW,42,31415,508,classic
19,false,false,7814989b-dc73-4a7e-bd23-f716b9abbbfe,true,38.89222,509,-76.99602,7th St & Massachusetts Ave NE,42,31647,509,classic
19,false,false,5fdaa766-383e-4a92-b1bd-0e71138c6844,true,38.87335,510,-76.9834,Anacostia Park,42,31820,510,classic
14,false,false,e581e0b6-51ea-416a-9ae7-6fe5219d7156,true,39.062041,511,-77.120776,Twinbrook Metro,43,32074,511,classic
25,false,false,eda4c5ee-faf7-4dae-b135-3065deb46ffe,true,39.04753,512,-77.11287,North Bethesda Metro,43,32075,512,classic
15,false,false,97506e92-1d23-4396-8ec8-e1901ccc22fa,true,39.049,513,-77.10933,Citadel Ave & McGrath Blvd,43,32076,513,classic
15,false,false,68bb0313-ccdb-4930-98ba-96d77ec986ef,true,39.049765,514,-77.11368,Rockville Pike & Old Georgetown Rd,43,32077,514,classic
16,false,false,f69c2ab2-8d2b-493a-9da4-3a76d0e34753,true,39.04317,515,-77.1135,Woodglen Dr & Executive Blvd,43,32078,515,classic
15,false,false,3ced143d-294e-4050-80a7-b40d76c42c0d,true,39.04873,516,-77.1257,Executive Blvd & E Jefferson St,43,32079,516,classic
14,false,false,66cac629-904e-4186-8431-44983be40985,true,39.0629,517,-77.113454,Fishers Ln & Rock Creek Mill Rd,43,32080,517,classic
15,false,false,305ce636-23c1-42f3-a28b-8be4feca2e05,true,39.06219,518,-77.129235,Congressional Ln & E Jefferson St,43,32081,518,classic
15,false,false,a3761e59-db36-4b61-8bb3-8d523af69b96,true,39.00048,519,-77.00077,Garland Ave & Walden Rd,44,32082,519,classic
13,false,false,730f282a-2f5b-4fda-b82f-5c94b3d5a2a6,true,38.92245,520,-77.23034,Greensboro & Pinnacle Dr,104,32227,520,classic
15,false,false,987decdd-577d-4614-a6eb-307944a634b4,true,38.908391,521,-76.843263,1301 McCormick Dr / Wayne K. Curry Admin Bldg,133,32400,521,classic
17,false,false,29b65d73-fc99-42e3-9007-2175402a5c56,true,38.899811,522,-76.844604,Largo Town Center Metro,133,32401,522,classic
17,false,false,3c8cebaf-4155-47d8-8272-9d65831f33b8,true,38.969581,523,-76.937349,Baltimore Ave & Van Buren St / Riverdale Park Station,133,32402,523,classic
15,false,false,5efd5ecc-a734-4e7b-9142-a500a317df60,true,38.95548,524,-76.940133,Baltimore Ave & Jefferson St,133,32403,524,classic
15,false,false,068e6359-1741-4240-9ed1-07a9038bc319,true,38.936213,525,-76.960054,Perry & 35th St,133,32404,525,classic
23,false,false,21858490-7495-4942-b0eb-5e956db26b16,true,38.86968314861632,527,-77.01081544160843,Potomac Ave & Half St SW,42,31648,527,classic
15,false,false,5945c731-a300-46e6-8e51-3236ad1f65f2,true,38.88994,530,-76.825535,Largo Rd & Campus Way / Prince Georges's Comm Col,133,32405,530,classic
19,false,false,eab74a15-a9dd-4813-a6a9-c445782f6920,true,38.855004,531,-76.984512,Stanton Square SE,42,31822,531,classic
19,false,false,e9030e46-31bf-4def-befb-2e685ad48180,true,38.931991,532,-77.032956,14th & Newton St NW,42,31649,532,classic
19,false,false,e07eed7c-2d2a-4f13-aff7-2be6500958f7,true,38.9170363119413,533,-77.0957824587822,48th Pl & MacArthur Blvd NW,42,31322,533,classic
19,false,false,eda09ed8-ca5e-4187-938c-3260cabdf82d,true,38.969489,534,-77.033509,14th St & Luzon Ave NW,42,31416,534,classic
19,false,false,5f71434d-dc5c-45ff-8219-708a3d9a0691,true,38.876893,535,-77.006072,1st & M St SE,42,31650,535,classic
15,false,false,d4e8307d-5fb2-4ece-a66a-1522b1ebf79c,true,38.782633,536,-77.016059,Fleet St & Waterfront St,133,32406,536,classic
15,false,false,ccd82461-11b7-4553-b70b-6cb7e5e4f8c2,true,38.798749,537,-77.00103,Oxon Hill Park & Ride,133,32407,537,classic
19,false,false,1e19ca16-ec12-48b9-bbbe-fe878745bb23,true,38.93132185874559,538,-77.02824711799622,11th & Park Rd NW,42,31651,538,classic
19,false,false,9a93cdb5-bd4e-43b8-87f3-81dc9063999f,true,38.876751,539,-77.000736,4th & M St SE,42,31652,539,classic
19,false,false,c645ddde-0156-47ab-9616-3121f541a6f0,true,38.94796174822241,540,-77.02154964208603,Kansas Ave & Sherman Cr NW,42,31417,540,classic
11,false,false,a826e5d0-8ee8-41a4-8c1d-1a2ad7212dec,true,38.92755,542,-77.226644,Park Run & Onyx Dr,104,32229,542,classic
19,false,false,a0d0ec92-ebda-436a-b476-7ee9a7bdb67d,true,38.902674,543,-77.021392,7th & K St NW,42,31653,543,classic
19,false,false,99ddcd49-1312-4d80-8030-9bc2732deb5c,true,38.876211,544,-77.012443,King Greenleaf Rec Center,42,31654,544,classic
19,false,false,a07bd5e0-5136-4285-ae23-54a74124957e,true,38.907444,545,-76.986813,Montello Ave & Holbrook Terr NE,42,31524,545,classic
33,false,false,96ce48cf-5d98-4dfb-86b1-f461230cd193,true,38.897108,546,-77.011616,New Jersey Ave & F St NW,42,31655,546,classic
19,false,false,06a14329-dedb-4152-b237-e59afccd8d42,true,38.901935,547,-76.978627,Maryland Ave & 17th St NE,42,31656,547,classic
19,false,false,880978b9-5084-4576-a206-8d94cdbf4427,true,38.892934,548,-76.998273,Massachusetts Ave & 6th St NE,42,31657,548,classic
23,false,false,efe6a4e1-5900-46d6-9755-db074f87c5c2,true,38.923389,549,-77.051833,Woodley Park Metro / Calvert St & Connecticut Ave NW,42,31323,549,classic
19,false,false,6ffb5d30-d3f4-462b-8182-c552bebc9310,true,38.92400207520182,550,-77.20812678337097,McLean Metro,104,32230,550,classic
19,false,false,d0a82ee8-e718-4598-aa5e-dda9292c248c,true,38.906299,551,-76.983221,Trinidad Rec Center,42,31525,551,classic
19,false,false,92dd5072-b877-45d6-ba24-c5acbe66733b,true,38.897808,552,-76.979634,Rosedale Rec Center,42,31658,552,classic
19,false,false,3f1dfbbd-7b34-4efd-91a3-60acad4cf42f,true,38.885908,553,-76.991476,11th & C St SE,42,31659,553,classic
19,false,false,89263cc9-13f6-4185-b315-5164c9bb930e,true,38.951596,554,-77.012808,New Hampshire & Gallatin St NW,42,31418,554,classic
19,false,false,5f0f9566-90d4-431e-9b6d-994e26d20ec6,true,38.835737,555,-76.983144,United Medical Center,42,31823,555,classic
19,false,false,101824b5-2dd0-464c-bc7e-30481e00e6d7,true,38.911268,556,-77.041829,18th & New Hampshire Ave NW,42,31324,556,classic
19,false,false,48ca5477-32a2-485d-961d-5371f2d1d5e1,true,38.8828,560,-77.2283,Dunn Loring Metro,104,32231,560,classic
15,false,false,42ad2bc8-22b5-40f2-8a56-e562e4ecde07,true,38.959361,561,-76.946361,Oglethorpe St & 42nd Ave,133,32408,561,classic
15,false,false,772ca14a-a964-4745-ab93-37cc472d8ff2,true,38.840107,562,-76.9753,Southern Ave Metro,133,32409,562,classic
15,false,false,27d919c7-7fda-41d1-9c05-2f537d5c4ce2,true,38.9546,563,-76.9595,Queens Chapel & Hamilton St,133,32410,563,classic
15,false,false,3dd9e864-a5fc-4c27-b18e-325226089293,true,38.975505,564,-76.952199,Northwestern High School,133,32411,564,classic
15,false,false,ae00650a-be2d-4912-8f0d-8338b3754eed,true,38.974205,565,-76.995227,New Hampshire Ave & East-West Hwy,133,32412,565,classic
15,false,false,199df30f-328b-48af-8627-952bd9d6fe7c,true,38.939271,566,-76.955047,Rhode Island Ave & 39th St / Brentwood Arts Exchange,133,32413,566,classic
17,false,false,f0d65475-a505-474b-a40f-2488459105ac,true,38.9725,567,-76.9807,Riggs Rd & East West Hwy,133,32414,567,classic
15,false,false,fc64c842-980f-40be-a4b6-7750a28ecc19,true,38.7968,568,-77.0026,Tanger Outlets,133,32415,568,classic
15,false,false,fbd404e2-bd4c-464b-b0db-9eaa011a90ae,true,38.961737,569,-76.995922,Chillum Rd & Riggs Rd / Riggs Plaza,133,32416,569,classic
15,false,false,bcb21167-85ed-4374-8807-d9409aaa01a5,true,38.9698,570,-76.9493,Hyattsville Library / Adelphi Rd & Toledo Rd,133,32417,570,classic
12,false,false,37ea9197-6332-4bf7-8940-d3641f288869,true,38.8901554,571,-77.183178,Founders Row/W Broad St & West St,152,32600,571,classic
12,false,false,a016ea6f-0d7f-45fb-b8ac-0cfe22cd972a,true,38.87380771851765,572,-77.15284913778305,Eden Center,152,32601,572,classic
12,false,false,edb40673-8b68-4db1-b9bf-6cb7943fdb50,true,38.88837,573,-77.179832,N Oak St & W Broad St,152,32602,573,classic
12,false,false,33ae16de-ca5b-4253-9096-35ccae7bb8dd,true,38.887403,574,-77.176992,Pennsylvania Ave & Park Ave,152,32603,574,classic
12,false,false,6e652351-dad9-45e4-a0a7-dda0417973f4,true,38.880612,575,-77.171891,E Fairfax St & S Washington St,152,32604,575,classic
12,false,false,5f19b359-6bc4-45f6-bdcf-31352690e6ee,true,38.878085,576,-77.153953,N Roosevelt St & Roosevelt Blvd,152,32606,576,classic
12,false,false,f4402219-23c9-43ce-8af4-62984ee9ab68,true,38.883601,577,-77.173438,W Broad St & Little Falls St,152,32605,577,classic
12,false,false,5e571279-84a3-4dd6-9ee5-6a834e4c624a,true,38.87972,578,-77.178408,S Maple Ave & S Washington St,152,32607,578,classic
12,false,false,3735d025-7e82-467c-8844-29d08d66b0e4,true,38.885434,579,-77.173605,Falls Church City Hall / Park Ave & Little Falls St,152,32608,579,classic
12,false,false,33efb11b-052f-437e-ab74-2e6b4661822d,true,38.885621,580,-77.166917,W Columbia St & N Washington St,152,32609,580,classic
19,false,false,825f1146-bd56-4b4a-acfa-ff9d95472723,true,38.9001,581,-77.1887,West Falls Church Metro,104,32232,581,classic
11,false,false,b6ea8d82-3226-4aef-a1d2-78076110e718,true,38.928502,582,-77.215624,Jones Branch Drive & Scotts Crossing Rd,104,32233,582,classic
19,false,false,461df1a0-fac6-4a11-ac4c-ff795e6299c9,true,38.932128,583,-77.0235,Georgia Ave & Morton St NW,42,31419,583,classic
11,false,false,a77b8993-6d68-425e-a37a-0e613a7cb17a,true,38.879355,584,-77.230681,Merrilee Dr & Lauren Elizabeth Lane,104,32234,584,classic
11,false,false,65c9578a-8bda-4908-b626-06371c09338b,true,38.870093,585,-77.22997,Merrifield Cinema & Merrifield Town Center,104,32235,585,classic
19,false,false,30c5787e-6fdb-421d-8eaf-32e652dbeae2,true,38.9243,586,-76.9859,Rhode Island & Montana Ave NE,42,31526,586,classic
19,false,false,4f9000ec-e47e-494e-9b49-61e95b5a6f03,true,38.914173639930105,587,-77.02159523963928,7th & S St NW,42,31130,587,classic
15,false,false,2a76806e-32b4-4ec6-a851-f73ba7dafda1,true,38.912912458206925,588,-77.00891107320786,North Capitol & R St NE,42,31527,588,classic
19,false,false,72e7c396-11ad-4e88-bf4b-e60584f748fc,true,38.942146,589,-77.038684,17th & Upshur St NW,42,31420,589,classic
19,false,false,4ae62d55-b4b3-47d7-ada9-79185e2be3b9,true,38.942024743273045,590,-77.01822102069855,Grant Circle,42,31421,590,classic
27,false,false,2a43f4e2-4102-482e-8879-245cf7555c6b,true,38.934405,591,-77.032687,14th & Otis Pl NW,42,31131,591,classic
19,false,false,8bbafd08-edb1-426d-94f4-c7b7d9be34dd,true,38.938889,592,-76.997226,John McCormack Rd NE,42,31528,592,classic
17,false,false,cdaa435b-2b99-442a-a274-d6682067ad88,true,38.955349,593,-76.968084,West Hyattsville Metro,133,32418,593,classic
19,false,false,3dc3100e-7a4c-4d34-8b92-e820f1bd46a0,true,38.888524,594,-76.913188,Capitol Heights Metro,133,32419,594,classic
17,false,false,ebbf6e18-684d-4fc9-ad4d-c025b8d76556,true,38.965742,595,-76.954803,Prince George's Plaza Metro,133,32420,595,classic
17,false,false,d8f65b11-57ec-4a9f-9b52-f5696e129f02,true,38.962119,596,-76.935578,Riverdale Park Town Center,133,32421,596,classic
17,false,false,d34d2639-ee43-4892-818f-f01116813744,true,38.968842,597,-76.954171,The Mall at Prince Georges,133,32422,597,classic
11,false,false,2f12b7e0-a0f1-49ed-92d8-784133ea9168,true,39.0473228,598,-77.0510969,Wheaton Library & Community Rec Center,44,32084,598,classic
15,false,false,ed8f70f3-15e3-448c-86c5-d27d87402ad3,true,38.924144,599,-77.002098,Edgewood Rec Center,42,31529,599,classic
15,false,false,3d88e01e-e071-4638-829c-543410cded50,true,38.90273216425078,601,-76.99514991079923,8th & K St NE,42,31660,601,classic
19,false,false,bed9b757-0df2-4a97-a6ac-415db00e82c8,true,38.89595455700754,602,-76.9678448436025,Kingman Island/The Fields at RFK,42,31716,602,classic
19,false,false,07a453e5-2e14-4276-85df-49e0d6144e54,true,38.90046848783359,603,-76.9472873210907,Kenilworth Terr & Hayes St. NE,42,31717,603,classic
15,false,false,55d3b43f-4ad3-4d65-889a-560ebe6126bf,true,38.7859,604,-77.0167,National Harbor Carousel,133,32423,604,classic
19,false,false,0cabc1c7-cf6f-4afd-9242-c011b77f6330,true,38.83664578175751,605,-76.99358886515256,Valley Ave & Wheeler Rd SE,42,31824,605,classic
19,false,false,db81ad06-aad3-4e23-b2b9-05b39b41f8fc,true,38.876227445751475,606,-76.94098126958124,Ridge Rd Community Center,42,31718,606,classic
19,false,false,7641069c-42a6-4e3e-9769-7df51da6978d,true,38.85736903758752,607,-76.97768801437633,Fort Stanton Rec Center,42,31825,607,classic
19,false,false,7a19d0e7-2b3c-4805-b843-1aec84a05bfe,true,38.91261359469192,608,-77.07432264076488,Reservoir Rd & 38th St NW,42,31325,608,classic
17,false,false,d325a449-32d7-488d-b746-9455ad003834,true,38.89892546716842,609,-77.04885238395946,22nd & H St NW,42,31127,609,classic
19,false,false,fbbeab20-556d-4275-98a9-f84d316c157f,true,38.899941626884754,610,-76.99489653110504,8th & H St NE,42,31661,610,classic
17,false,false,d8a01502-8d6c-449f-852d-d6b409e56e11,true,38.90970086204467,611,-77.08564639091492,Hardy Rec Center,42,31326,611,classic
19,false,false,44b6aaca-6a97-425c-9d95-93a1d836c22d,true,39.0313141,612,-77.0041217,The Shoppes @ Burnt Mills,44,32085,612,classic
19,false,false,5075ddc9-7546-44a6-9445-0a48a53267df,true,39.081638,613,-76.945495,Briggs Chaney & Castle Dr,44,32086,613,classic
15,false,false,2213781a-5c69-43eb-9b33-346d61e7e1ba,true,39.0461435,614,-76.9757228,White Oak Rec Center,44,32087,614,classic
23,false,false,ac598bfa-89c4-4229-a397-a6279b4cd536,true,39.0778751,615,-76.9418666,Briggs Chaney Park & Ride,44,32088,615,classic
19,false,false,52ba8179-5dda-404f-abba-796b3f645434,true,39.0449444,616,-76.9811552,Stewart & April,44,32090,616,classic
19,false,false,909f576d-3523-4646-aa26-900ba8c9cd13,true,39.0456521,617,-76.9854381,Stewart Ln & Old Columbia Pike,44,32091,617,classic
19,false,false,c77801a4-2795-4f72-825e-c02f8facb72f,true,39.0391022,618,-76.9918237,New Hampshire & Lockwood,44,32089,618,classic
19,false,false,804fb759-1127-4059-a67a-c1fdd5d98082,true,39.085314,619,-76.940547,Castle Blvd & Castle Ln,44,32092,619,classic
19,false,false,90682a3e-9cb2-43d1-b104-61c50043d35b,true,39.0379809,620,-76.9945391,Oak Leaf & Lockwood,44,32094,620,classic
19,false,false,6edca550-d78f-4c5d-ad2c-79d1ce88c48d,true,39.04104,621,-76.987125,White Oak Transit Center,44,32093,621,classic
12,false,false,72c402d9-63d9-4025-95a9-1577a34e5f52,true,38.87947660895433,622,-77.11456328630447,Wilson Blvd & N Vermont St,41,31926,622,classic
19,false,false,54962348-19dd-47b8-a816-bce25eb658a1,true,38.8974996,623,-76.9695094,Oklahoma Ave & Benning Rd NE,42,31719,623,classic
19,false,false,0541e06c-642c-4f31-9f24-19bfcbb8811d,true,38.8693365,624,-76.978519,Minnesota Ave & R St SE,42,31826,624,classic
11,false,false,84223eb6-9964-4bd7-85f0-2b6a316c3ba1,true,38.949008,625,-77.355299,Vy Reston Heights,104,32236,625,classic
17,false,false,b8b6903d-fabc-48aa-af9b-2c5fb29344b9,true,38.902386,626,-77.005649,1st & K St NE,42,31662,626,classic
12,false,false,8e3245e2-f310-4173-9c2d-9ad00587a23c,true,38.808161,628,-77.100796,Wheeler Ave & S. Floyd St.,40,31927,628,classic
19,false,false,9f86df22-57d4-498a-ab35-2d3fb76e4723,true,38.84154815912996,629,-77.10773438215256,N. Beauregard St. & Berkley St.,40,31928,629,classic
15,false,false,8d8a3add-40b4-41ba-bffe-5a754ebc1625,true,38.7930647,630,-77.049436,Mt Vernon Trail & S. Washington St.,40,31929,630,classic
15,false,false,b8ba3b0d-9efa-4093-8baa-bb3e7d384c46,true,38.802738,632,-77.0824626,Eisenhower Ave & Ike Dr,40,31930,632,classic
19,false,false,336a1fe2-8e92-49ad-ab6a-c6c392d3edcd,true,38.910993,633,-76.985854,Capitol Ave & Kendall St NE,42,31530,633,classic
19,false,false,55fc40ce-5be9-4e45-9c84-daacced3c852,true,38.8840581,634,-76.9863852,14th & D St SE,42,31663,634,classic
15,false,false,d49c5d1b-d02b-4c35-b60d-ed3cc6d51479,true,38.866277,636,-77.010551,Half & Water St SW,42,31664,636,classic
19,false,false,a7b98322-bdbb-421e-b2e4-1bb42ef9d01f,true,38.910674,637,-77.03188,14th & Q St NW,42,31327,637,classic
19,false,false,732103a1-eedd-4044-afa6-67b2d192ff22,true,38.91693645323652,638,-77.0296311378479,13th & U St NW,42,31132,638,classic
19,false,false,e9611824-0245-4482-bc8b-970c0eface40,true,38.88548252734069,639,-76.97718724608421,Stadium Armory Metro,42,31665,639,classic
19,false,false,68eaf9f5-7b2d-4f60-9f02-9f5ba1103f80,true,38.96577499342219,640,-77.06862643361092,Broad Branch Rd & Northampton St NW,42,31422,640,classic
15,false,false,1e196ee1-daa4-4fa6-b6f8-197b31e6d170,true,38.81403111409755,641,-77.04281687736511,N Pitt St & Montgomery St,40,31931,641,classic
19,false,false,dfa896d9-9209-413d-b494-e255ef513d2c,true,38.8000766,642,-77.1299434,Van Dorn Metro,40,31932,642,classic
11,false,false,66fe4efd-f6de-4300-9b35-82e3aea013e5,true,38.801947,643,-77.040293,Duke St & Strand (Robinson Terminal),40,31933,643,classic
19,false,false,8429af9f-3adc-4db6-b96a-7fd9c75fe3a3,true,38.89830173667249,645,-77.04691261053085,21st St & G st NW,42,31328,645,classic
19,false,false,3f177fa3-6267-4138-82b3-6b528d71d3b2,true,38.881116725009335,646,-77.01769933104515,4th & G St SW,42,31666,646,classic
19,false,false,d1fd7121-67e3-46a9-b415-e84a565394f2,true,38.958098,647,-77.013821,Kansas Ave & Longfellow St NW,42,31423,647,classic
19,false,false,0248fa3b-6df4-4fdc-ae31-ee2e4d177da8,true,38.852903,648,-77.045916,National Airport,41,31935,648,classic
15,false,false,0a5dbbe0-1325-49af-9fca-f0748ca06dc0,true,38.864838,649,-77.056873,Army Navy Dr & Fern St,41,31936,649,classic
15,false,false,199ecf43-3fcc-446e-8b91-e151e7ad617f,true,38.890863,650,-77.074893,Arlington Blvd & Ft Myer Dr,41,31937,650,classic
15,false,false,99644655-ef85-4e13-a331-a344d88ded32,true,38.853002,651,-77.059496,23rd St S & Hayes St,41,31938,651,classic
17,false,false,83c9bc80-bc42-4e5d-9f5e-6c24812e6e37,true,38.895068,652,-77.07386,Wilson Blvd & N Oak St,41,31939,652,classic
16,false,false,abd8bd04-94ec-4818-baf5-7f79742e982c,true,38.88625606692058,653,-77.08426237106323,Arlington Blvd & Fairfax Dr,41,31940,653,classic
19,false,false,4784f152-5012-49fc-b1bb-723a6d73aa09,true,38.863743,654,-77.013814,2nd & V St SW / James Creek Marina,42,31667,654,classic
19,false,false,66c82803-70e3-496f-9942-30e0936de3f5,true,38.871841,655,-77.00591,1st St & Potomac Ave SE,42,31668,655,classic
19,false,false,7346145e-f487-4f07-acb8-ed3e0b8b56bb,true,38.918036,656,-77.045487,20th & Columbia Rd NW,42,31133,656,classic
23,false,false,60e5f9b2-611b-4713-b34a-8ce2c2ee8ac8,true,38.876823,657,-77.002161,3rd & M St SE,42,31669,657,classic
19,false,false,12b1c990-90e7-4fef-a5b9-c78d4c81af96,true,38.883318,659,-76.925315,53rd & D St SE/C.W. Harris Elementary,42,31671,659,classic
11,false,false,e456b38d-7f5e-4d06-b2bc-022b42097a06,true,38.837306,662,-77.106111,N Hampton Dr & Ford Ave,40,31941,662,classic
15,false,false,5ac39643-b36d-415f-bbb4-1a5e2c61d98d,true,38.809709,663,-77.135788,Whiting & Lane Dr,40,31942,663,classic
15,false,false,cdeeb133-ccd7-418f-a8d7-0b5c5380a8ae,true,38.815842,664,-77.110014,N Howard St & Taney Ave,40,31943,664,classic
19,false,false,d2a6b8ef-0d6d-4037-84e4-b905142031fa,true,38.878771,665,-76.97093,Anacostia Roller Skating Pavilion,42,31720,665,classic
12,false,false,e2a96f4c-801e-4cf8-be0f-f767a5d8ca1b,true,38.845028,667,-77.051956,S Clark St & 33rd St,41,31944,667,classic
15,false,false,f0d7675e-2ce0-41e7-94f5-28ca712fa456,true,38.854019,668,-77.118106,Columbia Pike & S Greenbrier St,41,31945,668,classic
11,false,false,347b72fa-4ae2-4017-a9bf-344a122cddeb,true,38.828887,669,-77.110588,Kenmore Ave & Seminary Rd,40,31946,669,classic
21,false,false,472d3644-c8f4-4912-ad84-79f11cee2e49,true,38.896086906318665,670,-77.07145214080809,Rosslyn Metro / Wilson Blvd & N Moore St,41,31947,670,classic
15,false,false,5982cdb9-2f4d-490f-8e7c-030adfac87be,true,38.88715,671,-77.16212,W&OD Trail & Langston Blvd,41,31948,671,classic
15,false,false,6922a398-ec20-493d-a832-5e337cf335f5,true,39.00031,672,-76.878005,Roosevelt Center & Crescent Rd,133,32424,672,classic
15,false,false,10d57c0d-6f3c-45d1-8a12-eda5665e213c,true,39.006191,673,-76.891247,Crescent Rd & Ridge Rd,133,32425,673,classic
11,false,false,cec05512-b9d1-4671-bc76-8b168079db93,true,39.002459,674,-76.916243,Greenbelt Station Parkway,133,32426,674,classic
12,false,false,071dcbf5-3f1e-45e0-a4a5-8717adb8743f,true,38.936061,676,-77.337775,Ridge Heights Rd & Seahawks Dr,104,32238,676,classic
12,false,false,bc5c6cf3-1c33-457f-a13d-f358c9909dc2,true,38.970807,678,-77.326761,Ring Rd & North Shore Dr,104,32240,678,classic
12,false,false,a0121df5-4df5-425f-afb8-77dc94dc6d1b,true,38.973625,679,-77.351837,Reston Pkwy & Bennington Woods Rd,104,32241,679,classic
12,false,false,0136af02-2670-4042-b5cd-18b46c15c0c1,true,38.965979,680,-77.334359,Inlet Ct & Wiehle Dr,104,32242,680,classic
12,false,false,8d68e4db-0bc9-440a-9b27-5d34ed1b93c9,true,38.9667,682,-77.348487,Vantage Hill Rd & Wainwright Dr,104,32244,682,classic
12,false,false,9f03d90d-a7ff-433e-9718-b8066c82c5f1,true,38.959025,684,-77.339295,Links Dr & Wedge Dr,104,32245,684,classic
12,false,false,d3cf2811-ca2e-4d2c-9843-8a90049b7b80,true,38.94335,686,-77.362304,South Lakes Dr and Reston Pkwy,104,32247,686,classic
12,false,false,bc4fc3e2-2050-4571-851b-47f062319f95,true,38.938797,687,-77.354067,Olde Crafts Dr and Cartwright Pl,104,32248,687,classic
12,false,false,0eae33bc-0b63-4120-ac4d-1e4ac729d524,true,38.93714618600706,688,-77.36786842346191,Green Range Dr and Glade Dr,104,32249,688,classic
12,false,false,9c8b35b2-fcab-4142-957d-5bb845374685,true,38.941496,689,-77.366499,South Gate Community Center,104,32250,689,classic
12,false,false,29f174dd-e7bc-4329-a570-0220f0d1be84,true,38.97850255151454,690,-77.35345423221588,Lake Newport Rd and Autumn Ridge Cir,104,32251,690,classic
12,false,false,f75a76bb-34fc-4ee3-81d9-f23d9867017d,true,38.933923,691,-77.331653,Ridge Heights and Owl Cove Ln,104,32252,691,classic
12,false,false,85c2fb24-d241-4550-8968-2cdf85462af7,true,38.93051,692,-77.345874,Soapstone Dr Convenience Center,104,32253,692,classic
11,false,false,8d485a67-09d5-4550-8438-f1fa2f463bc2,true,38.863556,693,-77.077201,Columbia Pike & S Scott St/12th St S,41,31949,693,classic
19,false,false,8a10969e-9861-4926-bda6-f0b58a0c253d,true,38.853124,694,-77.005174,St. Elizabeths West Campus/DHS,42,31827,694,classic
12,false,false,065defed-8e90-46b9-a106-28d590704cf8,true,38.87056104566178,695,-77.04409494996071,Long Bridge Aquatic Center,41,31950,695,classic
12,false,false,1cc6ee60-b82f-4264-a490-6c3e5e656ccd,true,38.857049,696,-77.116339,8th Rd & S Frederick St,41,31951,696,classic
19,false,false,0627dc3c-5c62-4ab1-a6f0-3635c6f80d23,true,38.92240364115446,697,-76.9960230588913,MBT & Bryant St NE,42,31531,697,classic
15,false,false,5e229707-ae42-42f7-b31d-1a65af253027,true,38.818509,698,-77.105564,N Howard St & N Imboden St,40,31952,698,classic
11,false,false,c271d265-76c8-49f9-9b3c-b9490fb97ac0,true,38.878601,701,-77.222808,Hartland Rd & Harte Pl,104,32255,701,classic
12,false,false,c0ec45a3-ec59-4c82-9671-13d9c122be30,true,38.983199,702,-77.341823,North Village and Park Garden,104,32256,702,classic
19,false,false,3900eddf-b06d-4763-af70-1126603508d0,true,38.917716,704,-77.022684,8th & V St NW,42,31134,704,classic
19,false,false,5e828067-2fd6-4168-b150-5409754e734c,true,38.909858,705,-77.038566,17th & P St NW,42,31330,705,classic
19,false,false,1b1fd2f7-bcbd-43a2-bed1-ddf8e3cc4614,true,38.927294,706,-77.103662,Arizona Ave & MacArthur Blvd NW,42,31331,706,classic
19,false,false,c361d993-ebd8-4110-b10e-6bd2055fbe05,true,38.918199,707,-77.027171,11th & V St NW,42,31332,707,classic
19,false,false,21cdfe0d-71ad-4302-a003-3cfc0d355af9,true,38.90731645057457,708,-77.00069814920425,4th & Florida Ave NE,42,31532,708,classic
15,false,false,2260574d-dbc6-4416-9f8c-3e1fcc0d9f5b,true,38.804486,709,-77.132334,S Pickett St & Shillings St,40,31953,709,classic
15,false,false,599f7a69-823e-419a-b70e-8f9666dd4bd1,true,38.811361,710,-77.109975,S Jordan St & Venable St,40,31954,710,classic
16,false,false,8321ef62-caa3-45ea-95b2-4a4a97964625,true,38.806002,711,-77.055911,King St & Peyton St,40,31955,711,classic
19,false,false,fe755eaf-7f1f-48df-bc40-f51d2af775d1,true,38.899984,712,-76.992725,10th & H St NE,42,31672,712,classic
11,false,false,febec658-2bcd-473e-8ba8-f84f016da7cd,true,38.83728,713,-77.060899,Reed & Edison,40,31956,713,classic
16,false,false,bc1a59ac-f82d-44bd-9f2d-b5801f8bbb8d,true,38.824793,715,-77.085066,King St & Kenwood Ave,40,31957,715,classic
12,false,false,472dee60-f045-4f2e-9807-193e3ae9b661,true,38.800703,716,-77.048043,S Washington St & Wilkes St,40,31958,716,classic
19,false,false,1b02c95b-63f9-41cd-8c0d-90334a29c7ce,true,38.832431,717,-77.049772,Main Line Blvd & E Glebe,40,31959,717,classic
16,false,false,3af8c81c-b8d8-4af7-afe9-332a2cac4672,true,38.8368376462948,718,-77.05727398395538,Commonwealth and Reed,40,31960,718,classic
11,false,false,a8ffa826-a14d-4bb0-ab33-de6b8c34d190,true,38.83863,719,-77.116206,Fillmore & Bisdorf,40,31961,719,classic
15,false,false,50cce12f-505a-414c-8b58-5bd4204a385e,true,38.827674,720,-77.088985,King St & W Braddock Rd,40,31962,720,classic
15,false,false,fe33785a-90bb-40e0-9dce-91968006a5c6,true,38.814305,721,-77.11893,Holmes Run Pkwy & N Pickett St,40,31963,721,classic
11,false,false,b0cdb0b4-a4e5-47f2-90fd-f3f8266b809f,true,38.820152,722,-77.093879,Virginia Theological Seminary,40,31964,722,classic
16,false,false,a44778cc-274f-49d5-80dc-6e031113a7e3,true,38.812187,724,-77.10994,Duke St & Jordan St,40,31966,724,classic
15,false,false,41b8e956-0341-4752-89a4-659f7b9eabb8,true,38.809607,725,-77.128908,S Reynolds St & Edsall Rd,40,31967,725,classic
15,false,false,e84a9c46-89ce-45dc-866f-fe8cbc50e88e,true,38.8048011316311,726,-77.04467564821243,King St & N Pitt St,40,31968,726,classic
19,false,false,c139589c-fe21-4834-a2a1-5528f7dd2152,true,38.813474,727,-77.053734,Braddock Rd Metro South,40,31969,727,classic
19,false,false,ae007456-14ad-4619-a92e-e3a40f93a412,true,38.926102,728,-77.03665,16th & Harvard St NW,42,31135,728,classic
16,false,false,889571f8-5774-4097-a31f-4b6e3f5b4381,true,38.817019,729,-77.050105,First St & Fayette St,40,31970,729,classic
15,false,false,71686e8c-9f47-4a65-8840-c7276be3786e,true,38.863508,730,-77.084259,Penrose Sq/Columbia Pike & S Barton St,41,31971,730,classic
15,false,false,7af26d39-a3b4-4fb3-b5b2-3acd415b9bea,true,38.84404,731,-77.098093,S Wakefield St & 28th St S,41,31972,731,classic
15,false,false,174fc644-1a5a-4923-a8b5-373e0ad04525,true,38.874248,732,-77.104784,N Pershing Dr & N Quebec St,41,31973,732,classic
11,false,false,8dfb34e2-7f75-4359-a374-5bf5e86c4793,true,38.882425,734,-77.112754,Fairfax Dr & N Taylor St,41,31049,734,classic
19,false,false,94b1507c-7f76-483c-b06a-a4131e0b5970,true,38.874820772513424,735,-77.0207878947258,Waterfront Park,,31673,735,classic
19,false,false,a41e5bd2-b599-4c47-a36f-31ffa2e2dd0b,true,38.87674677186661,736,-77.02094480395317,Maine Ave & Water St SW,42,31674,736,classic
19,false,false,177f7198-8814-4068-b809-b6074346d2e9,true,38.911213594521456,737,-77.0022565126419,Tanner Park,42,31533,737,classic
23,false,false,c7402dc0-b498-47b0-8977-2b9d671a62bb,true,38.939674172021654,738,-77.07527697086334,Wisconsin Ave & Rodman St NW,42,31333,738,classic
19,false,false,7995da4d-4d99-4797-bb9f-37a51a28cc09,true,38.90244372501735,739,-77.00824588537216,North Capitol & K St NE,42,31675,739,classic
15,false,false,066fd95e-0d37-4eea-a027-88c04277bb9d,true,38.932242581555066,740,-76.9961330294609,7th & Monroe St NE,42,31534,740,classic
19,false,false,a62f9324-6f6e-4bdb-9206-3ca05517e607,true,38.92248919793601,741,-76.99267029762268,10th St & Rhode Island Ave NE,42,31535,741,classic
19,false,false,5205f20c-ded8-4469-bafd-021bc7229295,true,38.9223243445331,742,-77.02708572149277,11th & Clifton St NW,42,31136,742,classic
15,false,false,84a0159b-5f00-417a-8f06-6c7c8437049f,true,38.870823939537914,743,-77.01191514730453,1st & Q St SW,,31676,743,classic
19,false,false,30b5e0c1-7ca6-4050-8566-3fccf0b60890,true,38.95366314394005,744,-77.02561318874359,9th & Ingraham St NW,42,31424,744,classic
12,false,false,141766fa-fa3b-4c61-8e46-a8673c910a0c,true,38.802893,745,-77.072558,Mandeville Ln & Stovall St,,31974,745,classic
19,false,false,9b9156b3-51c3-44c8-af49-46e3f4dea30f,true,38.93713516763736,746,-77.01912492513657,Park Pl & Rock Creek Church Rd NW,42,31137,746,classic
19,false,false,2574f980-163e-4b9b-8107-6145615815b3,true,38.880760725950644,747,-77.00574070215225,New Jersey Ave & H St SE,,31828,747,classic
19,false,false,5a3453ad-43af-495d-ba1f-e8be6b66e2e8,true,38.890461,748,-76.96128,Anacostia Ave & East Capitol St NE,,31721,748,classic
15,false,false,60b9672e-7668-431b-801b-affaccb680bb,true,38.92123296360907,749,-77.01813519001007,4th & College St NW,,31138,749,classic
19,false,false,79ae0ec5-9bbd-41ee-a9e9-7753233b5e77,true,38.907286773254675,750,-76.99916660785675,5th & Morse St NE,42,31536,750,classic
15,false,false,5f060548-684b-469b-8825-66c80d77a874,true,38.88791377249907,751,-77.12801456451415,Virginia Hospital Center,41,31976,751,classic
15,false,false,5eb5b5a7-db69-4d8a-a16a-604678a544b7,true,38.904252,752,-77.127776,Marymount University / Yorktown Blvd & 26th St N,,31977,752,classic
19,false,false,5dfab137-f65a-41c0-99ef-d58f29a735b2,true,38.9523,753,-77.361466,Reston Town Center Metro South,,32258,753,classic
15,false,false,c9760156-83bd-4a7d-9dfa-85d7ee463f62,true,38.9216413,755,-76.9556866,Fort Lincoln Dr & 33rd Pl NE,,31537,755,classic
0,false,false,183f8ffb-756c-4271-8d9a-a5cde3f13116,false,38.9252,756,-76.964896,South Dakota Ave & Bladensburg Rd NE,,31538,756,classic
